Timestamp,imu1_q_x,imu1_q_y,imu1_q_z,imu1_q_w,imu2_q_x,imu2_q_y,imu2_q_z,imu2_q_w,Force,RR
2025-02-27T03:20:43.488041,0.194,0.678,-0.172,0.688,0.344,-0.019,0.056,0.937,-3.9467697143554688,nan
2025-02-27T03:20:43.489132,0.192,0.677,-0.176,0.689,0.344,-0.015,0.054,0.937,-3.9467697143554688,nan
2025-02-27T03:20:43.489899,0.197,0.677,-0.173,0.688,0.345,-0.012,0.061,0.937,-3.9442138671875,nan
2025-02-27T03:20:43.490738,0.205,0.679,-0.165,0.685,0.345,-0.009,0.074,0.936,-3.9467697143554688,nan
2025-02-27T03:20:43.491430,0.212,0.681,-0.159,0.682,0.346,-0.007,0.078,0.935,-3.9493255615234375,nan
2025-02-27T03:20:43.492224,0.215,0.682,-0.156,0.682,0.345,-0.004,0.084,0.935,-3.9493255615234375,nan
2025-02-27T03:20:43.492911,0.218,0.683,-0.154,0.68,0.344,-0.002,0.094,0.934,-3.9493255615234375,nan
2025-02-27T03:20:43.493981,0.228,0.683,-0.15,0.677,0.346,0.0,0.104,0.932,-3.9518814086914062,nan
2025-02-27T03:20:43.494926,0.233,0.684,-0.141,0.677,0.341,-0.001,0.111,0.933,-3.9518814086914062,nan
2025-02-27T03:20:43.495799,0.23,0.686,-0.137,0.676,0.339,-0.002,0.113,0.934,-3.9493255615234375,nan
2025-02-27T03:20:43.496492,0.224,0.688,-0.136,0.677,0.335,-0.003,0.11,0.936,-3.9467697143554688,nan
2025-02-27T03:20:43.497308,0.221,0.685,-0.138,0.68,0.336,-0.007,0.103,0.936,-3.9493255615234375,nan
2025-02-27T03:20:43.498065,0.212,0.682,-0.144,0.685,0.335,-0.011,0.093,0.937,-3.9467697143554688,nan
2025-02-27T03:20:43.498959,0.208,0.681,-0.15,0.686,0.336,-0.013,0.086,0.938,-3.9467697143554688,nan
2025-02-27T03:20:43.499726,0.204,0.679,-0.149,0.689,0.332,-0.016,0.082,0.94,-3.9442138671875,nan
2025-02-27T03:20:43.500653,0.2,0.677,-0.157,0.691,0.337,-0.023,0.075,0.938,-3.9467697143554688,nan
2025-02-27T03:20:43.501378,0.202,0.673,-0.165,0.692,0.343,-0.032,0.07,0.936,-3.9493255615234375,nan
2025-02-27T03:20:43.502269,0.194,0.67,-0.17,0.696,0.341,-0.036,0.061,0.937,-3.9493255615234375,nan
2025-02-27T03:20:43.503029,0.192,0.668,-0.171,0.698,0.342,-0.038,0.059,0.937,-3.9493255615234375,nan
2025-02-27T03:20:43.503873,0.191,0.669,-0.171,0.698,0.341,-0.027,0.064,0.937,-3.9442138671875,nan
2025-02-27T03:20:43.504605,0.189,0.672,-0.172,0.695,0.342,-0.03,0.066,0.937,-3.9467697143554688,nan
2025-02-27T03:20:43.505457,0.19,0.674,-0.172,0.693,0.342,-0.027,0.069,0.937,-3.9493255615234375,nan
2025-02-27T03:20:43.506225,0.189,0.674,-0.174,0.693,0.344,-0.026,0.073,0.936,-3.9493255615234375,nan
2025-02-27T03:20:43.588478,0.195,0.675,-0.174,0.69,0.347,-0.022,0.083,0.934,-3.9493255615234375,nan
2025-02-27T03:20:43.684191,0.203,0.677,-0.17,0.687,0.347,-0.018,0.088,0.934,-3.9493255615234375,nan
2025-02-27T03:20:43.780254,0.206,0.678,-0.167,0.686,0.347,-0.014,0.092,0.933,-3.9518814086914062,nan
2025-02-27T03:20:43.876051,0.211,0.68,-0.159,0.684,0.344,-0.012,0.101,0.933,-3.9518814086914062,nan
2025-02-27T03:20:43.972162,0.216,0.68,-0.146,0.686,0.341,-0.009,0.103,0.934,-3.9569854736328125,nan
2025-02-27T03:20:44.067979,0.219,0.679,-0.139,0.687,0.338,-0.01,0.105,0.935,-3.9569854736328125,nan
2025-02-27T03:20:44.164038,0.216,0.68,-0.135,0.687,0.337,-0.022,0.105,0.935,-3.954437255859375,nan
2025-02-27T03:20:44.259874,0.215,0.677,-0.134,0.691,0.336,-0.021,0.099,0.936,-3.9569854736328125,nan
2025-02-27T03:20:44.355951,0.212,0.677,-0.136,0.691,0.334,-0.023,0.093,0.938,-3.9569854736328125,nan
2025-02-27T03:20:44.483789,0.205,0.677,-0.145,0.692,0.338,-0.029,0.079,0.937,-3.9569854736328125,nan
2025-02-27T03:20:44.579987,0.204,0.672,-0.154,0.695,0.343,-0.034,0.066,0.937,-3.954437255859375,nan
2025-02-27T03:20:44.675696,0.195,0.668,-0.165,0.698,0.343,-0.041,0.053,0.937,-3.9595413208007812,nan
2025-02-27T03:20:44.771773,0.188,0.669,-0.171,0.699,0.342,-0.041,0.046,0.938,-3.96209716796875,nan
2025-02-27T03:20:44.867582,0.185,0.668,-0.171,0.7,0.343,-0.042,0.047,0.937,-3.96209716796875,nan
2025-02-27T03:20:44.963661,0.186,0.671,-0.17,0.698,0.343,-0.038,0.055,0.937,-3.96209716796875,nan
2025-02-27T03:20:45.059495,0.192,0.673,-0.166,0.694,0.346,-0.035,0.063,0.936,-3.9595413208007812,nan
2025-02-27T03:20:45.171577,0.205,0.674,-0.171,0.689,0.358,-0.031,0.073,0.93,-3.9595413208007812,nan
2025-02-27T03:20:45.267398,0.221,0.673,-0.171,0.685,0.367,-0.026,0.085,0.926,-3.96209716796875,nan
2025-02-27T03:20:45.363476,0.225,0.676,-0.164,0.683,0.362,-0.024,0.096,0.927,-3.96209716796875,nan
2025-02-27T03:20:45.459299,0.225,0.677,-0.149,0.684,0.346,-0.021,0.106,0.932,-3.9646530151367188,nan
2025-02-27T03:20:45.555389,0.218,0.68,-0.135,0.687,0.337,-0.023,0.108,0.935,-3.9672088623046875,nan
2025-02-27T03:20:45.651244,0.214,0.681,-0.135,0.687,0.335,-0.022,0.107,0.936,-3.9697647094726562,nan
2025-02-27T03:20:45.747305,0.216,0.679,-0.132,0.689,0.334,-0.021,0.108,0.936,-3.9672088623046875,nan
2025-02-27T03:20:45.843126,0.22,0.676,-0.127,0.692,0.334,-0.022,0.108,0.936,-3.9646530151367188,nan
2025-02-27T03:20:45.939212,0.215,0.674,-0.128,0.695,0.332,-0.028,0.101,0.938,-3.9595413208007812,nan
2025-02-27T03:20:46.051037,0.206,0.672,-0.139,0.697,0.332,-0.031,0.089,0.939,-3.9569854736328125,nan
2025-02-27T03:20:46.147125,0.196,0.671,-0.15,0.7,0.333,-0.034,0.079,0.939,-3.9569854736328125,nan
2025-02-27T03:20:46.243015,0.194,0.669,-0.155,0.7,0.334,-0.035,0.072,0.939,-3.9595413208007812,nan
2025-02-27T03:20:46.339023,0.19,0.661,-0.158,0.708,0.334,-0.048,0.065,0.939,-3.9595413208007812,nan
2025-02-27T03:20:46.434849,0.183,0.666,-0.165,0.704,0.336,-0.044,0.057,0.939,-3.96209716796875,nan
2025-02-27T03:20:46.530975,0.182,0.666,-0.165,0.704,0.337,-0.045,0.055,0.939,-3.9672088623046875,nan
2025-02-27T03:20:46.626788,0.18,0.67,-0.163,0.702,0.338,-0.045,0.058,0.938,-3.9672088623046875,nan
2025-02-27T03:20:46.722917,0.182,0.672,-0.162,0.699,0.338,-0.04,0.065,0.938,-3.9646530151367188,nan
2025-02-27T03:20:46.818683,0.187,0.675,-0.156,0.697,0.337,-0.037,0.074,0.938,-3.9672088623046875,nan
2025-02-27T03:20:46.930745,0.196,0.678,-0.149,0.692,0.338,-0.031,0.085,0.937,-3.9697647094726562,nan
2025-02-27T03:20:47.026591,0.202,0.68,-0.144,0.69,0.339,-0.027,0.091,0.936,-3.9697647094726562,nan
2025-02-27T03:20:47.122673,0.211,0.681,-0.139,0.687,0.337,-0.021,0.101,0.936,-3.9672088623046875,nan
2025-02-27T03:20:47.218494,0.213,0.684,-0.128,0.686,0.332,-0.02,0.109,0.937,-3.9646530151367188,nan
2025-02-27T03:20:47.314576,0.213,0.685,-0.126,0.686,0.33,-0.019,0.108,0.938,-3.9672088623046875,nan
2025-02-27T03:20:47.410418,0.214,0.685,-0.122,0.685,0.329,-0.024,0.109,0.938,-3.972320556640625,nan
2025-02-27T03:20:47.506485,0.215,0.68,-0.119,0.69,0.329,-0.025,0.107,0.938,-3.9672088623046875,nan
2025-02-27T03:20:47.602325,0.209,0.68,-0.123,0.692,0.329,-0.029,0.099,0.939,-3.9595413208007812,nan
2025-02-27T03:20:47.714462,0.204,0.678,-0.127,0.695,0.328,-0.033,0.091,0.94,-3.9595413208007812,nan
2025-02-27T03:20:47.810254,0.197,0.676,-0.132,0.698,0.327,-0.038,0.083,0.941,-3.96209716796875,nan
2025-02-27T03:20:47.906388,0.191,0.675,-0.138,0.7,0.329,-0.04,0.074,0.941,-3.9569854736328125,nan
2025-02-27T03:20:48.002151,0.186,0.674,-0.148,0.7,0.33,-0.041,0.064,0.941,-3.9595413208007812,nan
2025-02-27T03:20:48.098254,0.181,0.67,-0.153,0.704,0.328,-0.044,0.056,0.942,-3.9646530151367188,nan
2025-02-27T03:20:48.194054,0.177,0.671,-0.156,0.702,0.329,-0.043,0.053,0.942,-3.9672088623046875,nan
2025-02-27T03:20:48.290209,0.179,0.67,-0.156,0.703,0.33,-0.037,0.056,0.942,-3.9672088623046875,nan
2025-02-27T03:20:48.385981,0.184,0.672,-0.152,0.701,0.33,-0.033,0.065,0.941,-3.9646530151367188,nan
2025-02-27T03:20:48.482262,0.186,0.673,-0.151,0.7,0.33,-0.029,0.073,0.941,-3.9595413208007812,nan
2025-02-27T03:20:48.593711,0.19,0.676,-0.148,0.697,0.33,-0.027,0.079,0.94,-3.9595413208007812,nan
2025-02-27T03:20:48.691717,0.195,0.678,-0.144,0.694,0.332,-0.022,0.087,0.939,-3.96209716796875,nan
2025-02-27T03:20:48.787267,0.203,0.681,-0.138,0.69,0.332,-0.017,0.093,0.939,-3.96209716796875,nan
2025-02-27T03:20:48.883203,0.207,0.682,-0.134,0.688,0.331,-0.014,0.1,0.938,-3.9646530151367188,nan
2025-02-27T03:20:48.979128,0.211,0.684,-0.126,0.687,0.327,-0.014,0.108,0.939,-3.9646530151367188,nan
2025-02-27T03:20:49.075487,0.214,0.685,-0.118,0.687,0.324,-0.014,0.111,0.939,-3.96209716796875,nan
2025-02-27T03:20:49.171027,0.213,0.683,-0.11,0.69,0.322,-0.025,0.111,0.94,-3.9672088623046875,nan
2025-02-27T03:20:49.267320,0.209,0.682,-0.113,0.691,0.323,-0.028,0.106,0.94,-3.9672088623046875,nan
2025-02-27T03:20:49.362931,0.202,0.683,-0.117,0.692,0.322,-0.031,0.103,0.941,-3.9595413208007812,nan
2025-02-27T03:20:49.491228,0.196,0.679,-0.117,0.698,0.316,-0.035,0.097,0.943,-3.9595413208007812,nan
2025-02-27T03:20:49.586869,0.189,0.679,-0.113,0.7,0.308,-0.038,0.097,0.946,-3.9646530151367188,nan
2025-02-27T03:20:49.683273,0.182,0.68,-0.111,0.701,0.306,-0.041,0.092,0.947,-3.9850921630859375,nan
2025-02-27T03:20:49.778729,0.181,0.676,-0.128,0.703,0.32,-0.047,0.076,0.943,-3.9927597045898438,nan
2025-02-27T03:20:49.875031,0.174,0.669,-0.15,0.707,0.327,-0.053,0.06,0.942,-3.9953155517578125,nan
2025-02-27T03:20:49.970632,0.169,0.663,-0.15,0.714,0.325,-0.053,0.056,0.943,-3.9953155517578125,nan
2025-02-27T03:20:50.066923,0.171,0.666,-0.152,0.71,0.327,-0.049,0.057,0.942,-3.9953155517578125,nan
2025-02-27T03:20:50.162542,0.171,0.671,-0.15,0.706,0.328,-0.05,0.062,0.941,-3.9978713989257812,nan
2025-02-27T03:20:50.258840,0.176,0.674,-0.151,0.702,0.328,-0.044,0.07,0.941,-3.9978713989257812,nan
2025-02-27T03:20:50.370457,0.182,0.676,-0.145,0.699,0.328,-0.039,0.081,0.94,-3.9978713989257812,nan
2025-02-27T03:20:50.466737,0.191,0.679,-0.138,0.696,0.327,-0.032,0.091,0.94,-3.9978713989257812,nan
2025-02-27T03:20:50.562375,0.196,0.681,-0.134,0.693,0.327,-0.029,0.092,0.94,-3.9978713989257812,nan
2025-02-27T03:20:50.658730,0.202,0.682,-0.129,0.691,0.327,-0.025,0.102,0.939,-3.9953155517578125,nan
2025-02-27T03:20:50.754347,0.208,0.685,-0.121,0.688,0.326,-0.021,0.11,0.939,-3.9927597045898438,nan
2025-02-27T03:20:50.850613,0.211,0.685,-0.113,0.688,0.323,-0.021,0.114,0.939,-3.9953155517578125,nan
2025-02-27T03:20:50.946191,0.212,0.684,-0.107,0.69,0.321,-0.025,0.11,0.941,-3.9978713989257812,nan
2025-02-27T03:20:51.042536,0.208,0.68,-0.11,0.694,0.322,-0.032,0.105,0.94,-3.9978713989257812,nan
2025-02-27T03:20:51.153102,0.201,0.68,-0.113,0.697,0.32,-0.036,0.103,0.941,-3.990203857421875,nan
2025-02-27T03:20:51.250445,0.195,0.677,-0.114,0.7,0.317,-0.04,0.097,0.943,-3.990203857421875,nan
2025-02-27T03:20:51.346099,0.187,0.676,-0.119,0.702,0.314,-0.044,0.087,0.944,-3.9978713989257812,nan
2025-02-27T03:20:51.442331,0.182,0.677,-0.128,0.702,0.32,-0.047,0.075,0.943,-4.00042724609375,nan
2025-02-27T03:20:51.537916,0.18,0.673,-0.143,0.703,0.325,-0.05,0.062,0.942,-3.9953155517578125,nan
2025-02-27T03:20:51.634219,0.173,0.67,-0.148,0.707,0.325,-0.05,0.055,0.943,-3.9927597045898438,nan
2025-02-27T03:20:51.729890,0.171,0.67,-0.152,0.706,0.326,-0.05,0.053,0.943,-3.9825363159179688,nan
2025-02-27T03:20:51.826141,0.172,0.669,-0.151,0.707,0.327,-0.046,0.056,0.942,-3.9697647094726562,nan
2025-02-27T03:20:51.921725,0.171,0.674,-0.153,0.702,0.328,-0.044,0.062,0.942,-3.96209716796875,nan
2025-02-27T03:20:52.018031,0.176,0.676,-0.15,0.7,0.328,-0.039,0.072,0.941,-3.96209716796875,nan
2025-02-27T03:20:52.113619,0.183,0.678,-0.144,0.697,0.328,-0.034,0.08,0.941,-3.96209716796875,nan
2025-02-27T03:20:52.225721,0.193,0.68,-0.141,0.693,0.331,-0.031,0.09,0.939,-3.96209716796875,nan
2025-02-27T03:20:52.321550,0.194,0.683,-0.134,0.691,0.326,-0.029,0.095,0.94,-3.9595413208007812,nan
2025-02-27T03:20:52.417854,0.2,0.685,-0.127,0.689,0.325,-0.024,0.105,0.939,-3.9595413208007812,nan
2025-02-27T03:20:52.513426,0.204,0.688,-0.12,0.686,0.322,-0.022,0.113,0.94,-3.9595413208007812,nan
2025-02-27T03:20:52.609700,0.202,0.688,-0.12,0.687,0.32,-0.023,0.111,0.941,-3.9569854736328125,nan
2025-02-27T03:20:52.705403,0.203,0.687,-0.115,0.688,0.321,-0.03,0.109,0.94,-3.9595413208007812,nan
2025-02-27T03:20:52.801691,0.2,0.684,-0.116,0.692,0.319,-0.033,0.106,0.941,-3.9646530151367188,nan
2025-02-27T03:20:52.897290,0.194,0.68,-0.113,0.698,0.313,-0.037,0.101,0.944,-3.9595413208007812,nan
2025-02-27T03:20:52.993589,0.184,0.679,-0.111,0.702,0.305,-0.041,0.095,0.947,-3.9595413208007812,nan
2025-02-27T03:20:53.105189,0.175,0.677,-0.111,0.706,0.299,-0.046,0.09,0.949,-3.9646530151367188,nan
2025-02-27T03:20:53.201488,0.168,0.679,-0.111,0.706,0.3,-0.049,0.083,0.949,-3.9646530151367188,nan
2025-02-27T03:20:53.297102,0.173,0.676,-0.134,0.703,0.321,-0.052,0.066,0.943,-3.9595413208007812,nan
2025-02-27T03:20:53.393386,0.172,0.67,-0.148,0.707,0.326,-0.058,0.058,0.942,-3.9569854736328125,nan
2025-02-27T03:20:53.489261,0.166,0.662,-0.148,0.716,0.324,-0.06,0.053,0.943,-3.9595413208007812,nan
2025-02-27T03:20:53.583909,0.167,0.667,-0.149,0.711,0.326,-0.063,0.054,0.942,-3.9646530151367188,nan
2025-02-27T03:20:53.679656,0.169,0.673,-0.144,0.705,0.328,-0.061,0.059,0.941,-3.9595413208007812,nan
2025-02-27T03:20:53.775747,0.171,0.675,-0.144,0.703,0.328,-0.054,0.066,0.941,-3.954437255859375,nan
2025-02-27T03:20:53.871508,0.179,0.678,-0.138,0.699,0.328,-0.047,0.077,0.94,-3.9518814086914062,nan
2025-02-27T03:20:53.967583,0.188,0.681,-0.13,0.696,0.328,-0.04,0.09,0.94,-3.954437255859375,nan
2025-02-27T03:20:54.063395,0.192,0.683,-0.125,0.694,0.327,-0.037,0.094,0.94,-3.9467697143554688,nan
2025-02-27T03:20:54.175449,0.197,0.685,-0.121,0.691,0.324,-0.031,0.101,0.94,-3.9467697143554688,nan
2025-02-27T03:20:54.271277,0.201,0.687,-0.116,0.689,0.323,-0.029,0.108,0.94,-3.9467697143554688,nan
2025-02-27T03:20:54.367370,0.203,0.688,-0.111,0.688,0.321,-0.026,0.109,0.94,-3.9442138671875,nan
2025-02-27T03:20:54.479186,0.202,0.685,-0.107,0.691,0.321,-0.029,0.108,0.941,-3.9467697143554688,nan
2025-02-27T03:20:54.575278,0.198,0.683,-0.111,0.694,0.319,-0.03,0.104,0.942,-3.9467697143554688,nan
2025-02-27T03:20:54.671191,0.19,0.681,-0.108,0.699,0.313,-0.036,0.103,0.944,-3.9518814086914062,nan
2025-02-27T03:20:54.767293,0.183,0.68,-0.105,0.702,0.307,-0.04,0.1,0.946,-3.9518814086914062,nan
2025-02-27T03:20:54.878999,0.177,0.68,-0.106,0.704,0.306,-0.042,0.094,0.946,-3.954437255859375,nan
2025-02-27T03:20:54.975080,0.175,0.678,-0.118,0.704,0.314,-0.045,0.084,0.945,-3.9518814086914062,nan
2025-02-27T03:20:55.070920,0.172,0.673,-0.129,0.708,0.318,-0.05,0.072,0.944,-3.9493255615234375,nan
2025-02-27T03:20:55.166982,0.167,0.672,-0.136,0.709,0.319,-0.048,0.065,0.944,-3.9493255615234375,nan
2025-02-27T03:20:55.262827,0.166,0.672,-0.141,0.708,0.321,-0.05,0.06,0.944,-3.954437255859375,nan
2025-02-27T03:20:55.358910,0.167,0.671,-0.14,0.709,0.322,-0.048,0.06,0.944,-3.9569854736328125,nan
2025-02-27T03:20:55.454725,0.171,0.672,-0.139,0.707,0.323,-0.046,0.066,0.943,-3.9569854736328125,nan
2025-02-27T03:20:55.550809,0.174,0.674,-0.14,0.704,0.323,-0.04,0.072,0.943,-3.9518814086914062,nan
2025-02-27T03:20:55.662092,0.179,0.677,-0.136,0.701,0.323,-0.035,0.076,0.942,-3.9569854736328125,nan
2025-02-27T03:20:55.758758,0.185,0.679,-0.134,0.698,0.327,-0.032,0.086,0.941,-3.9595413208007812,nan
2025-02-27T03:20:55.854556,0.193,0.681,-0.128,0.695,0.327,-0.027,0.093,0.94,-3.9569854736328125,nan
2025-02-27T03:20:55.950640,0.191,0.683,-0.12,0.695,0.32,-0.026,0.1,0.942,-3.954437255859375,nan
2025-02-27T03:20:56.046485,0.196,0.684,-0.115,0.693,0.32,-0.021,0.107,0.941,-3.954437255859375,nan
2025-02-27T03:20:56.142549,0.198,0.686,-0.111,0.692,0.317,-0.019,0.111,0.942,-3.954437255859375,nan
2025-02-27T03:20:56.238399,0.199,0.688,-0.11,0.69,0.315,-0.018,0.113,0.942,-3.9518814086914062,nan
2025-02-27T03:20:56.334532,0.199,0.686,-0.106,0.691,0.313,-0.02,0.109,0.943,-3.954437255859375,nan
2025-02-27T03:20:56.430302,0.195,0.684,-0.108,0.695,0.31,-0.022,0.103,0.945,-3.9569854736328125,nan
2025-02-27T03:20:56.526375,0.187,0.682,-0.105,0.699,0.306,-0.027,0.101,0.946,-3.9569854736328125,nan
2025-02-27T03:20:56.637872,0.183,0.68,-0.106,0.702,0.303,-0.032,0.096,0.948,-3.9595413208007812,nan
2025-02-27T03:20:56.734338,0.177,0.679,-0.113,0.703,0.304,-0.033,0.085,0.948,-3.9569854736328125,nan
2025-02-27T03:20:56.830126,0.174,0.679,-0.121,0.703,0.307,-0.035,0.074,0.948,-3.9595413208007812,nan
2025-02-27T03:20:56.926217,0.169,0.677,-0.127,0.705,0.309,-0.035,0.067,0.948,-3.9646530151367188,nan
2025-02-27T03:20:57.022033,0.165,0.674,-0.135,0.707,0.309,-0.039,0.058,0.948,-3.9646530151367188,nan
2025-02-27T03:20:57.118096,0.16,0.673,-0.138,0.709,0.311,-0.039,0.055,0.948,-3.9595413208007812,nan
2025-02-27T03:20:57.213948,0.161,0.673,-0.139,0.708,0.313,-0.04,0.055,0.947,-3.9569854736328125,nan
2025-02-27T03:20:57.310012,0.164,0.673,-0.141,0.708,0.314,-0.034,0.062,0.947,-3.9569854736328125,nan
2025-02-27T03:20:57.405854,0.17,0.675,-0.137,0.705,0.314,-0.031,0.073,0.946,-3.9518814086914062,nan
2025-02-27T03:20:57.501916,0.178,0.678,-0.13,0.701,0.317,-0.027,0.083,0.944,-3.954437255859375,nan
2025-02-27T03:20:57.613736,0.189,0.678,-0.131,0.698,0.324,-0.025,0.094,0.941,-3.954437255859375,nan
2025-02-27T03:20:57.709869,0.193,0.678,-0.128,0.697,0.321,-0.022,0.099,0.942,-3.954437255859375,nan
2025-02-27T03:20:57.805707,0.192,0.681,-0.119,0.697,0.315,-0.02,0.104,0.943,-3.9518814086914062,nan
2025-02-27T03:20:57.901733,0.195,0.683,-0.113,0.695,0.312,-0.019,0.111,0.943,-3.9518814086914062,0.0
2025-02-27T03:20:57.997613,0.198,0.685,-0.109,0.693,0.31,-0.017,0.115,0.944,-3.9569854736328125,nan
2025-02-27T03:20:58.093632,0.197,0.686,-0.108,0.692,0.308,-0.017,0.115,0.944,-3.954437255859375,nan
2025-02-27T03:20:58.189467,0.197,0.685,-0.108,0.693,0.308,-0.021,0.114,0.944,-3.954437255859375,nan
2025-02-27T03:20:58.285553,0.193,0.684,-0.11,0.695,0.306,-0.026,0.11,0.945,-3.954437255859375,nan
2025-02-27T03:20:58.381386,0.19,0.68,-0.109,0.7,0.305,-0.031,0.105,0.946,-3.9569854736328125,nan
2025-02-27T03:20:58.493648,0.18,0.679,-0.112,0.703,0.3,-0.034,0.095,0.949,-3.954437255859375,nan
2025-02-27T03:20:58.590766,0.172,0.677,-0.117,0.706,0.299,-0.038,0.084,0.95,-3.954437255859375,nan
2025-02-27T03:20:58.687103,0.169,0.677,-0.127,0.705,0.307,-0.043,0.076,0.948,-3.954437255859375,nan
2025-02-27T03:20:58.782646,0.165,0.675,-0.135,0.706,0.31,-0.046,0.064,0.947,-3.954437255859375,nan
2025-02-27T03:20:58.878941,0.16,0.672,-0.143,0.708,0.312,-0.047,0.055,0.947,-3.9569854736328125,nan
2025-02-27T03:20:58.974509,0.159,0.673,-0.147,0.707,0.313,-0.043,0.056,0.947,-3.9569854736328125,nan
2025-02-27T03:20:59.070815,0.165,0.674,-0.144,0.705,0.314,-0.045,0.061,0.946,-3.9595413208007812,nan
2025-02-27T03:20:59.166372,0.167,0.68,-0.143,0.7,0.315,-0.04,0.068,0.946,-3.9595413208007812,nan
2025-02-27T03:20:59.262692,0.172,0.681,-0.14,0.697,0.315,-0.034,0.075,0.946,-3.954437255859375,nan
2025-02-27T03:20:59.372711,0.178,0.683,-0.136,0.695,0.315,-0.03,0.084,0.945,-3.9518814086914062,nan
2025-02-27T03:20:59.486605,0.186,0.686,-0.13,0.692,0.315,-0.025,0.094,0.944,-3.9518814086914062,nan
2025-02-27T03:20:59.582259,0.189,0.686,-0.126,0.691,0.312,-0.023,0.098,0.945,-3.9569854736328125,nan
2025-02-27T03:20:59.678653,0.193,0.688,-0.12,0.689,0.312,-0.019,0.105,0.944,-3.9595413208007812,nan
2025-02-27T03:20:59.774174,0.199,0.69,-0.116,0.686,0.311,-0.016,0.112,0.944,-3.96209716796875,nan
2025-02-27T03:20:59.870456,0.2,0.69,-0.113,0.687,0.31,-0.014,0.113,0.944,-3.9595413208007812,nan
2025-02-27T03:20:59.966044,0.199,0.687,-0.109,0.69,0.31,-0.024,0.112,0.944,-3.9569854736328125,nan
2025-02-27T03:21:00.076645,0.198,0.686,-0.109,0.691,0.31,-0.03,0.11,0.944,-3.9569854736328125,nan
2025-02-27T03:21:00.173927,0.191,0.684,-0.11,0.696,0.306,-0.032,0.102,0.946,-3.9595413208007812,nan
2025-02-27T03:21:00.270229,0.183,0.683,-0.114,0.698,0.302,-0.036,0.093,0.948,-3.96209716796875,nan
2025-02-27T03:21:00.365848,0.173,0.682,-0.117,0.701,0.3,-0.041,0.084,0.949,-3.9595413208007812,nan
2025-02-27T03:21:00.462171,0.17,0.681,-0.124,0.701,0.306,-0.042,0.075,0.948,-3.9569854736328125,nan
2025-02-27T03:21:00.557711,0.167,0.678,-0.134,0.703,0.308,-0.044,0.065,0.948,-3.9595413208007812,nan
2025-02-27T03:21:00.654366,0.162,0.676,-0.142,0.705,0.309,-0.044,0.057,0.948,-3.96209716796875,nan
2025-02-27T03:21:00.749529,0.162,0.675,-0.144,0.705,0.311,-0.038,0.054,0.948,-3.96209716796875,nan
2025-02-27T03:21:00.846086,0.164,0.677,-0.145,0.703,0.312,-0.039,0.057,0.948,-3.9595413208007812,nan
2025-02-27T03:21:00.941552,0.163,0.676,-0.146,0.703,0.314,-0.038,0.061,0.947,-3.9569854736328125,nan
2025-02-27T03:21:01.053908,0.167,0.677,-0.145,0.702,0.314,-0.033,0.066,0.946,-3.954437255859375,nan
2025-02-27T03:21:01.149463,0.174,0.679,-0.141,0.699,0.318,-0.031,0.078,0.945,-3.9518814086914062,nan
2025-02-27T03:21:01.245734,0.184,0.681,-0.137,0.696,0.322,-0.028,0.088,0.942,-3.9493255615234375,nan
2025-02-27T03:21:01.341408,0.19,0.682,-0.132,0.694,0.322,-0.024,0.093,0.942,-3.9518814086914062,nan
2025-02-27T03:21:01.437685,0.193,0.683,-0.124,0.693,0.317,-0.021,0.103,0.943,-3.954437255859375,nan
2025-02-27T03:21:01.533308,0.196,0.685,-0.12,0.691,0.314,-0.019,0.11,0.943,-3.9518814086914062,nan
2025-02-27T03:21:01.629593,0.199,0.688,-0.116,0.688,0.31,-0.016,0.115,0.944,-3.9518814086914062,nan
2025-02-27T03:21:01.725232,0.198,0.687,-0.113,0.69,0.308,-0.018,0.113,0.944,-3.9518814086914062,nan
2025-02-27T03:21:01.821501,0.198,0.684,-0.11,0.694,0.31,-0.029,0.108,0.944,-3.9518814086914062,nan
2025-02-27T03:21:01.932490,0.195,0.682,-0.112,0.696,0.309,-0.033,0.103,0.945,-3.9518814086914062,nan
2025-02-27T03:21:02.029391,0.188,0.68,-0.112,0.7,0.307,-0.038,0.095,0.946,-3.9493255615234375,nan
2025-02-27T03:21:02.125024,0.182,0.679,-0.114,0.702,0.306,-0.041,0.089,0.947,-3.9493255615234375,nan
2025-02-27T03:21:02.221307,0.175,0.679,-0.122,0.703,0.307,-0.041,0.077,0.948,-3.9493255615234375,nan
2025-02-27T03:21:02.316952,0.172,0.678,-0.135,0.702,0.317,-0.045,0.068,0.945,-3.954437255859375,nan
2025-02-27T03:21:02.413199,0.167,0.675,-0.143,0.704,0.317,-0.045,0.059,0.945,-3.9569854736328125,nan
2025-02-27T03:21:02.508859,0.161,0.675,-0.146,0.705,0.316,-0.047,0.054,0.946,-3.9518814086914062,nan
2025-02-27T03:21:02.605131,0.162,0.673,-0.146,0.707,0.317,-0.039,0.055,0.946,-3.9493255615234375,nan
2025-02-27T03:21:02.700774,0.164,0.675,-0.145,0.705,0.318,-0.037,0.058,0.946,-3.9493255615234375,nan
2025-02-27T03:21:02.797070,0.166,0.677,-0.145,0.702,0.319,-0.033,0.066,0.945,-3.9518814086914062,nan
2025-02-27T03:21:02.908449,0.173,0.679,-0.14,0.7,0.319,-0.028,0.076,0.944,-3.96209716796875,nan
2025-02-27T03:21:03.004994,0.181,0.681,-0.136,0.696,0.321,-0.025,0.086,0.943,-3.9646530151367188,nan
2025-02-27T03:21:03.100667,0.187,0.683,-0.131,0.693,0.321,-0.021,0.093,0.942,-3.9672088623046875,nan
2025-02-27T03:21:03.196872,0.185,0.686,-0.131,0.691,0.319,-0.02,0.095,0.943,-3.9672088623046875,nan
2025-02-27T03:21:03.292503,0.191,0.687,-0.127,0.689,0.319,-0.017,0.104,0.942,-3.9646530151367188,nan
2025-02-27T03:21:03.388775,0.197,0.689,-0.121,0.687,0.317,-0.014,0.111,0.942,-3.9646530151367188,nan
2025-02-27T03:21:03.484685,0.198,0.691,-0.118,0.686,0.315,-0.014,0.113,0.942,-3.9595413208007812,nan
2025-02-27T03:21:03.579378,0.197,0.69,-0.113,0.687,0.313,-0.015,0.111,0.943,-3.9595413208007812,nan
2025-02-27T03:21:03.675011,0.195,0.686,-0.114,0.692,0.313,-0.019,0.111,0.943,-3.9595413208007812,nan
2025-02-27T03:21:03.771065,0.191,0.685,-0.115,0.694,0.311,-0.024,0.106,0.944,-3.9595413208007812,nan
2025-02-27T03:21:03.882874,0.185,0.683,-0.114,0.697,0.309,-0.029,0.098,0.946,-3.9595413208007812,nan
2025-02-27T03:21:03.979037,0.178,0.681,-0.119,0.7,0.308,-0.032,0.088,0.947,-3.9595413208007812,nan
2025-02-27T03:21:04.074787,0.17,0.68,-0.127,0.702,0.309,-0.034,0.078,0.947,-3.9595413208007812,nan
2025-02-27T03:21:04.170858,0.166,0.678,-0.136,0.703,0.312,-0.035,0.068,0.947,-3.9518814086914062,nan
2025-02-27T03:21:04.266697,0.161,0.676,-0.143,0.705,0.314,-0.038,0.059,0.947,-3.9518814086914062,nan
2025-02-27T03:21:04.362766,0.159,0.674,-0.148,0.706,0.315,-0.037,0.054,0.947,-3.954437255859375,nan
2025-02-27T03:21:04.474613,0.16,0.673,-0.148,0.707,0.317,-0.039,0.057,0.946,-3.954437255859375,nan
2025-02-27T03:21:04.586693,0.161,0.675,-0.148,0.705,0.319,-0.036,0.062,0.945,-3.954437255859375,nan
2025-02-27T03:21:04.682543,0.164,0.678,-0.148,0.701,0.319,-0.034,0.069,0.945,-3.9493255615234375,nan
2025-02-27T03:21:04.778692,0.17,0.679,-0.144,0.699,0.321,-0.032,0.075,0.943,-3.954437255859375,nan
2025-02-27T03:21:04.874441,0.178,0.68,-0.141,0.697,0.326,-0.03,0.085,0.941,-3.9493255615234375,nan
2025-02-27T03:21:04.970541,0.193,0.68,-0.141,0.693,0.334,-0.026,0.092,0.938,-3.954437255859375,nan
2025-02-27T03:21:05.066379,0.195,0.682,-0.133,0.693,0.325,-0.023,0.101,0.94,-3.954437255859375,nan
2025-02-27T03:21:05.162452,0.191,0.685,-0.125,0.692,0.319,-0.022,0.109,0.941,-3.96209716796875,nan
2025-02-27T03:21:05.258290,0.195,0.687,-0.121,0.69,0.319,-0.019,0.111,0.941,-3.96209716796875,nan
2025-02-27T03:21:05.354377,0.198,0.689,-0.117,0.687,0.317,-0.018,0.118,0.941,-3.9672088623046875,nan
2025-02-27T03:21:05.466201,0.195,0.691,-0.116,0.687,0.315,-0.015,0.117,0.942,-3.9672088623046875,nan
2025-02-27T03:21:05.562285,0.192,0.686,-0.118,0.692,0.314,-0.014,0.11,0.943,-3.96209716796875,nan
2025-02-27T03:21:05.658128,0.187,0.685,-0.117,0.694,0.309,-0.019,0.104,0.945,-3.96209716796875,nan
2025-02-27T03:21:05.754190,0.179,0.683,-0.119,0.698,0.306,-0.024,0.097,0.947,-3.96209716796875,nan
2025-02-27T03:21:05.850031,0.172,0.682,-0.127,0.699,0.307,-0.028,0.085,0.947,-3.954437255859375,nan
2025-02-27T03:21:05.946073,0.17,0.681,-0.133,0.7,0.313,-0.031,0.075,0.946,-3.9467697143554688,nan
2025-02-27T03:21:06.041924,0.167,0.678,-0.141,0.701,0.315,-0.032,0.066,0.946,-3.9442138671875,nan
2025-02-27T03:21:06.137990,0.163,0.677,-0.148,0.702,0.316,-0.034,0.06,0.946,-3.9493255615234375,nan
2025-02-27T03:21:06.233834,0.162,0.676,-0.15,0.703,0.317,-0.029,0.057,0.946,-3.9569854736328125,nan
2025-02-27T03:21:06.329893,0.163,0.676,-0.151,0.703,0.318,-0.029,0.06,0.946,-3.9493255615234375,nan
2025-02-27T03:21:06.441807,0.16,0.677,-0.154,0.701,0.319,-0.029,0.066,0.945,-3.9518814086914062,nan
2025-02-27T03:21:06.537787,0.163,0.679,-0.154,0.699,0.32,-0.025,0.071,0.945,-3.9569854736328125,nan
2025-02-27T03:21:06.633642,0.169,0.68,-0.151,0.697,0.322,-0.022,0.078,0.943,-3.9569854736328125,nan
2025-02-27T03:21:06.729951,0.177,0.683,-0.145,0.694,0.322,-0.018,0.087,0.943,-3.954437255859375,nan
2025-02-27T03:21:06.825587,0.185,0.685,-0.139,0.691,0.322,-0.012,0.096,0.942,-3.9493255615234375,nan
2025-02-27T03:21:06.921644,0.188,0.688,-0.134,0.688,0.319,-0.012,0.104,0.942,-3.954437255859375,nan
2025-02-27T03:21:07.017459,0.193,0.691,-0.13,0.684,0.319,-0.008,0.109,0.942,-3.9595413208007812,nan
2025-02-27T03:21:07.113544,0.197,0.691,-0.125,0.684,0.317,-0.008,0.114,0.942,-3.9569854736328125,nan
2025-02-27T03:21:07.209369,0.196,0.691,-0.122,0.685,0.315,-0.012,0.112,0.943,-3.9595413208007812,nan
2025-02-27T03:21:07.321442,0.195,0.689,-0.122,0.688,0.314,-0.009,0.106,0.943,-3.9646530151367188,nan
2025-02-27T03:21:07.417259,0.189,0.687,-0.125,0.69,0.314,-0.015,0.102,0.944,-3.96209716796875,nan
2025-02-27T03:21:07.513334,0.186,0.685,-0.125,0.694,0.313,-0.019,0.096,0.945,-3.9569854736328125,nan
2025-02-27T03:21:07.609177,0.183,0.683,-0.126,0.696,0.311,-0.022,0.092,0.946,-3.9595413208007812,nan
2025-02-27T03:21:07.705275,0.181,0.683,-0.129,0.696,0.311,-0.023,0.087,0.946,-3.9569854736328125,nan
2025-02-27T03:21:07.801077,0.178,0.681,-0.133,0.697,0.312,-0.025,0.081,0.946,-3.954437255859375,nan
2025-02-27T03:21:07.897144,0.178,0.681,-0.138,0.697,0.316,-0.027,0.076,0.945,-3.954437255859375,nan
2025-02-27T03:21:07.992994,0.175,0.678,-0.146,0.699,0.319,-0.03,0.068,0.945,-3.9518814086914062,nan
2025-02-27T03:21:08.089099,0.168,0.675,-0.154,0.701,0.32,-0.031,0.058,0.945,-3.9569854736328125,nan
2025-02-27T03:21:08.200748,0.167,0.673,-0.158,0.703,0.322,-0.032,0.052,0.945,-3.9569854736328125,nan
2025-02-27T03:21:08.296980,0.168,0.673,-0.158,0.702,0.323,-0.03,0.053,0.944,-3.9518814086914062,nan
2025-02-27T03:21:08.392801,0.172,0.673,-0.155,0.702,0.324,-0.031,0.056,0.944,-3.954437255859375,nan
2025-02-27T03:21:08.489086,0.173,0.676,-0.155,0.699,0.325,-0.029,0.064,0.943,-3.9569854736328125,nan
2025-02-27T03:21:08.586311,0.18,0.678,-0.15,0.696,0.325,-0.026,0.071,0.943,-3.9569854736328125,nan
2025-02-27T03:21:08.682552,0.184,0.681,-0.144,0.694,0.323,-0.02,0.079,0.943,-3.954437255859375,nan
2025-02-27T03:21:08.778068,0.191,0.683,-0.139,0.691,0.323,-0.017,0.088,0.942,-3.96209716796875,nan
2025-02-27T03:21:08.874346,0.194,0.684,-0.137,0.69,0.323,-0.015,0.091,0.942,-3.9569854736328125,nan
2025-02-27T03:21:08.969975,0.2,0.685,-0.135,0.687,0.328,-0.015,0.095,0.94,-3.9569854736328125,nan
2025-02-27T03:21:09.082268,0.207,0.687,-0.132,0.684,0.329,-0.01,0.103,0.939,-3.990203857421875,nan
2025-02-27T03:21:09.177861,0.209,0.688,-0.123,0.684,0.324,-0.01,0.111,0.939,-3.9978713989257812,nan
2025-02-27T03:21:09.274198,0.209,0.688,-0.119,0.685,0.322,-0.012,0.112,0.94,-3.9953155517578125,nan
2025-02-27T03:21:09.369701,0.207,0.688,-0.113,0.686,0.32,-0.019,0.109,0.941,-3.9953155517578125,nan
2025-02-27T03:21:09.482044,0.203,0.685,-0.115,0.69,0.317,-0.02,0.106,0.942,-3.990203857421875,nan
2025-02-27T03:21:09.577646,0.198,0.684,-0.114,0.693,0.314,-0.023,0.1,0.944,-3.9850921630859375,nan
2025-02-27T03:21:09.674020,0.19,0.682,-0.117,0.696,0.31,-0.027,0.095,0.946,-3.9825363159179688,nan
2025-02-27T03:21:09.785252,0.179,0.681,-0.114,0.701,0.303,-0.031,0.089,0.948,-3.97998046875,nan
2025-02-27T03:21:09.881869,0.174,0.681,-0.12,0.701,0.304,-0.032,0.08,0.949,-3.9850921630859375,nan
2025-02-27T03:21:09.977434,0.172,0.68,-0.127,0.701,0.309,-0.034,0.074,0.948,-3.9927597045898438,nan
2025-02-27T03:21:10.073706,0.166,0.678,-0.131,0.704,0.308,-0.036,0.066,0.948,-3.9825363159179688,nan
2025-02-27T03:21:10.169353,0.161,0.679,-0.138,0.703,0.31,-0.035,0.059,0.948,-3.9850921630859375,nan
2025-02-27T03:21:10.265639,0.161,0.678,-0.144,0.703,0.314,-0.036,0.057,0.947,-3.9646530151367188,nan
2025-02-27T03:21:10.361248,0.163,0.678,-0.145,0.702,0.317,-0.031,0.059,0.946,-3.9365463256835938,nan
2025-02-27T03:21:10.457520,0.167,0.678,-0.143,0.701,0.318,-0.031,0.065,0.945,-3.9825363159179688,nan
2025-02-27T03:21:10.553167,0.17,0.68,-0.143,0.698,0.319,-0.03,0.069,0.945,-3.990203857421875,nan
2025-02-27T03:21:10.665461,0.174,0.682,-0.14,0.696,0.319,-0.026,0.073,0.944,-3.9953155517578125,nan
2025-02-27T03:21:10.761073,0.18,0.685,-0.136,0.693,0.319,-0.022,0.081,0.944,-3.9697647094726562,nan
2025-02-27T03:21:10.857350,0.184,0.686,-0.132,0.691,0.319,-0.018,0.087,0.943,-3.9953155517578125,nan
2025-02-27T03:21:10.952945,0.187,0.687,-0.131,0.689,0.32,-0.016,0.091,0.943,-3.9978713989257812,nan
2025-02-27T03:21:11.049238,0.189,0.688,-0.13,0.688,0.32,-0.013,0.092,0.943,-3.9646530151367188,nan
2025-02-27T03:21:11.144868,0.193,0.689,-0.127,0.687,0.32,-0.011,0.097,0.942,-3.96209716796875,nan
2025-02-27T03:21:11.241143,0.198,0.69,-0.123,0.685,0.32,-0.008,0.104,0.942,-3.96209716796875,nan
2025-02-27T03:21:11.336771,0.2,0.692,-0.121,0.683,0.318,-0.008,0.109,0.942,-3.96209716796875,nan
2025-02-27T03:21:11.433115,0.199,0.691,-0.117,0.685,0.317,-0.007,0.107,0.942,-3.9518814086914062,nan
2025-02-27T03:21:11.544680,0.196,0.691,-0.114,0.687,0.316,-0.007,0.104,0.943,-3.9518814086914062,nan
2025-02-27T03:21:11.640956,0.193,0.69,-0.119,0.688,0.317,-0.008,0.099,0.943,-3.9569854736328125,nan
2025-02-27T03:21:11.736614,0.191,0.689,-0.119,0.689,0.315,-0.01,0.097,0.944,-3.954437255859375,nan
2025-02-27T03:21:11.832893,0.189,0.686,-0.121,0.692,0.313,-0.014,0.093,0.945,-3.9493255615234375,nan
2025-02-27T03:21:11.928485,0.182,0.685,-0.119,0.695,0.303,-0.018,0.094,0.948,-3.9518814086914062,nan
2025-02-27T03:21:12.024792,0.174,0.686,-0.105,0.699,0.289,-0.023,0.098,0.952,-3.954437255859375,nan
2025-02-27T03:21:12.120420,0.164,0.686,-0.103,0.702,0.285,-0.028,0.088,0.954,-3.9518814086914062,nan
2025-02-27T03:21:12.216729,0.161,0.687,-0.111,0.7,0.292,-0.028,0.078,0.953,-3.954437255859375,nan
2025-02-27T03:21:12.312339,0.165,0.685,-0.126,0.699,0.306,-0.031,0.072,0.949,-3.9595413208007812,nan
2025-02-27T03:21:12.408631,0.165,0.679,-0.138,0.702,0.314,-0.038,0.063,0.947,-3.9595413208007812,nan
2025-02-27T03:21:12.519110,0.16,0.674,-0.15,0.706,0.32,-0.042,0.052,0.945,-3.9646530151367188,nan
2025-02-27T03:21:12.616516,0.162,0.673,-0.153,0.705,0.321,-0.04,0.057,0.945,-3.9672088623046875,nan
2025-02-27T03:21:12.712189,0.164,0.677,-0.151,0.701,0.322,-0.039,0.062,0.944,-3.9646530151367188,nan
2025-02-27T03:21:12.808564,0.168,0.678,-0.151,0.699,0.322,-0.033,0.068,0.944,-3.96209716796875,nan
2025-02-27T03:21:12.904101,0.174,0.68,-0.148,0.697,0.323,-0.031,0.075,0.943,-3.9595413208007812,nan
2025-02-27T03:21:13.000345,0.179,0.682,-0.144,0.694,0.323,-0.026,0.081,0.942,-3.954437255859375,nan
2025-02-27T03:21:13.096019,0.186,0.684,-0.139,0.692,0.323,-0.022,0.087,0.942,-3.9697647094726562,nan
2025-02-27T03:21:13.192268,0.191,0.685,-0.136,0.69,0.324,-0.018,0.091,0.942,-3.990203857421875,nan
2025-02-27T03:21:13.287891,0.192,0.686,-0.132,0.69,0.321,-0.018,0.099,0.942,-3.990203857421875,nan
2025-02-27T03:21:13.384181,0.2,0.686,-0.13,0.688,0.324,-0.015,0.105,0.94,-3.9850921630859375,nan
2025-02-27T03:21:13.495327,0.203,0.687,-0.124,0.687,0.319,-0.014,0.112,0.941,-3.9850921630859375,nan
2025-02-27T03:21:13.591424,0.203,0.687,-0.119,0.688,0.316,-0.014,0.111,0.942,-3.9876480102539062,nan
2025-02-27T03:21:13.687310,0.2,0.686,-0.115,0.69,0.312,-0.014,0.108,0.944,-3.9825363159179688,nan
2025-02-27T03:21:13.784147,0.197,0.683,-0.118,0.694,0.313,-0.011,0.104,0.944,-3.9850921630859375,nan
2025-02-27T03:21:13.879699,0.192,0.682,-0.122,0.695,0.31,-0.014,0.098,0.946,-3.9876480102539062,nan
2025-02-27T03:21:13.976038,0.188,0.68,-0.122,0.698,0.307,-0.019,0.095,0.947,-3.9876480102539062,nan
2025-02-27T03:21:14.071586,0.182,0.679,-0.122,0.7,0.302,-0.023,0.094,0.948,-3.9825363159179688,nan
2025-02-27T03:21:14.167854,0.181,0.679,-0.116,0.702,0.299,-0.027,0.097,0.949,-3.9876480102539062,nan
2025-02-27T03:21:14.263525,0.178,0.679,-0.112,0.704,0.296,-0.032,0.095,0.95,-3.9927597045898438,nan
2025-02-27T03:21:14.359861,0.174,0.679,-0.117,0.703,0.297,-0.036,0.085,0.95,-3.9978713989257812,nan
2025-02-27T03:21:14.487439,0.171,0.678,-0.134,0.702,0.31,-0.042,0.072,0.947,-3.990203857421875,nan
2025-02-27T03:21:14.583700,0.169,0.674,-0.142,0.705,0.312,-0.042,0.066,0.947,-3.9927597045898438,nan
2025-02-27T03:21:14.679368,0.167,0.672,-0.145,0.707,0.314,-0.043,0.059,0.946,-3.9595413208007812,nan
2025-02-27T03:21:14.775674,0.166,0.672,-0.151,0.706,0.317,-0.047,0.056,0.945,-3.9953155517578125,nan
2025-02-27T03:21:14.871204,0.166,0.673,-0.15,0.705,0.318,-0.043,0.062,0.945,-3.990203857421875,nan
2025-02-27T03:21:14.967533,0.169,0.675,-0.148,0.703,0.319,-0.04,0.067,0.944,-3.990203857421875,nan
2025-02-27T03:21:15.063116,0.175,0.677,-0.144,0.7,0.32,-0.036,0.073,0.944,-3.990203857421875,nan
2025-02-27T03:21:15.159439,0.179,0.679,-0.14,0.698,0.319,-0.034,0.079,0.944,-3.9876480102539062,nan
2025-02-27T03:21:15.271056,0.183,0.68,-0.137,0.696,0.32,-0.031,0.084,0.943,-3.9876480102539062,nan
2025-02-27T03:21:15.367325,0.187,0.682,-0.134,0.694,0.32,-0.027,0.089,0.943,-3.9850921630859375,nan
2025-02-27T03:21:15.462963,0.191,0.683,-0.132,0.692,0.32,-0.024,0.091,0.943,-3.9876480102539062,nan
2025-02-27T03:21:15.559231,0.193,0.684,-0.129,0.692,0.319,-0.022,0.101,0.942,-3.990203857421875,nan
2025-02-27T03:21:15.654905,0.2,0.686,-0.124,0.689,0.318,-0.018,0.108,0.942,-3.9876480102539062,nan
2025-02-27T03:21:15.751172,0.205,0.686,-0.119,0.688,0.317,-0.015,0.111,0.942,-3.9774322509765625,nan
2025-02-27T03:21:15.846807,0.205,0.687,-0.118,0.687,0.316,-0.016,0.11,0.942,-3.9774322509765625,nan
2025-02-27T03:21:15.943059,0.201,0.686,-0.115,0.69,0.315,-0.015,0.106,0.943,-3.9850921630859375,nan
2025-02-27T03:21:16.038680,0.197,0.684,-0.119,0.692,0.314,-0.015,0.101,0.944,-3.9876480102539062,nan
2025-02-27T03:21:16.134984,0.191,0.682,-0.123,0.695,0.31,-0.02,0.098,0.945,-3.9953155517578125,nan
2025-02-27T03:21:16.246598,0.186,0.68,-0.122,0.698,0.308,-0.026,0.093,0.946,-3.990203857421875,nan
2025-02-27T03:21:16.342885,0.182,0.68,-0.122,0.7,0.306,-0.029,0.09,0.947,-3.990203857421875,nan
2025-02-27T03:21:16.438518,0.179,0.679,-0.12,0.701,0.303,-0.032,0.088,0.948,-3.990203857421875,nan
2025-02-27T03:21:16.534848,0.173,0.678,-0.127,0.703,0.303,-0.033,0.081,0.949,-3.9927597045898438,nan
2025-02-27T03:21:16.630414,0.17,0.678,-0.132,0.702,0.305,-0.033,0.072,0.949,-3.990203857421875,nan
2025-02-27T03:21:16.726772,0.163,0.676,-0.143,0.704,0.309,-0.039,0.059,0.948,-3.990203857421875,nan
2025-02-27T03:21:16.822321,0.161,0.674,-0.149,0.705,0.312,-0.039,0.054,0.948,-3.9876480102539062,nan
2025-02-27T03:21:16.918623,0.163,0.673,-0.15,0.706,0.313,-0.037,0.055,0.947,-3.97998046875,nan
2025-02-27T03:21:17.014237,0.166,0.673,-0.148,0.705,0.314,-0.037,0.06,0.947,-3.9876480102539062,nan
2025-02-27T03:21:17.126528,0.171,0.675,-0.145,0.703,0.315,-0.032,0.068,0.946,-3.990203857421875,nan
2025-02-27T03:21:17.222151,0.175,0.677,-0.142,0.7,0.316,-0.028,0.073,0.946,-3.9850921630859375,nan
2025-02-27T03:21:17.318444,0.181,0.679,-0.138,0.698,0.316,-0.026,0.079,0.945,-3.9825363159179688,nan
2025-02-27T03:21:17.414034,0.186,0.682,-0.133,0.695,0.316,-0.022,0.087,0.945,-3.97998046875,nan
2025-02-27T03:21:17.510333,0.191,0.683,-0.13,0.693,0.319,-0.021,0.092,0.943,-3.972320556640625,nan
2025-02-27T03:21:17.605957,0.193,0.684,-0.13,0.691,0.319,-0.016,0.096,0.943,-3.9672088623046875,nan
2025-02-27T03:21:17.702308,0.194,0.685,-0.126,0.691,0.317,-0.015,0.101,0.943,-3.9697647094726562,nan
2025-02-27T03:21:17.797877,0.2,0.687,-0.121,0.688,0.317,-0.012,0.107,0.942,-3.9646530151367188,nan
2025-02-27T03:21:17.894198,0.203,0.688,-0.118,0.687,0.316,-0.01,0.11,0.942,-3.9697647094726562,nan
2025-02-27T03:21:18.005753,0.203,0.688,-0.117,0.687,0.314,-0.011,0.112,0.943,-3.972320556640625,nan
2025-02-27T03:21:18.102066,0.2,0.687,-0.115,0.689,0.314,-0.016,0.11,0.943,-3.9646530151367188,nan
2025-02-27T03:21:18.197721,0.197,0.689,-0.118,0.688,0.314,-0.019,0.104,0.944,-3.9672088623046875,nan
2025-02-27T03:21:18.294004,0.191,0.69,-0.118,0.689,0.31,-0.026,0.099,0.945,-3.9774322509765625,nan
2025-02-27T03:21:18.389590,0.187,0.687,-0.123,0.692,0.309,-0.029,0.093,0.946,-3.972320556640625,nan
2025-02-27T03:21:18.486317,0.181,0.685,-0.122,0.696,0.306,-0.034,0.091,0.947,-3.9748764038085938,nan
2025-02-27T03:21:18.580814,0.177,0.684,-0.126,0.697,0.306,-0.035,0.083,0.948,-3.9697647094726562,nan
2025-02-27T03:21:18.677553,0.175,0.683,-0.132,0.697,0.308,-0.034,0.076,0.948,-3.9672088623046875,nan
2025-02-27T03:21:18.773499,0.172,0.682,-0.137,0.698,0.309,-0.035,0.069,0.948,-3.9697647094726562,nan
2025-02-27T03:21:18.885793,0.168,0.68,-0.143,0.7,0.311,-0.037,0.06,0.948,-3.9646530151367188,nan
2025-02-27T03:21:18.981318,0.165,0.678,-0.148,0.701,0.313,-0.037,0.055,0.947,-3.96209716796875,nan
2025-02-27T03:21:19.077596,0.165,0.677,-0.15,0.701,0.314,-0.033,0.057,0.947,-3.9697647094726562,nan
2025-02-27T03:21:19.173222,0.169,0.678,-0.148,0.699,0.314,-0.028,0.063,0.947,-3.9697647094726562,nan
2025-02-27T03:21:19.269536,0.173,0.68,-0.146,0.697,0.316,-0.029,0.066,0.946,-3.9672088623046875,nan
2025-02-27T03:21:19.365134,0.177,0.682,-0.144,0.695,0.316,-0.025,0.072,0.946,-3.9672088623046875,nan
2025-02-27T03:21:19.477478,0.182,0.683,-0.141,0.693,0.317,-0.022,0.077,0.945,-3.9672088623046875,nan
2025-02-27T03:21:19.589050,0.187,0.685,-0.137,0.691,0.318,-0.018,0.084,0.944,-3.96209716796875,nan
2025-02-27T03:21:19.685431,0.192,0.686,-0.133,0.689,0.318,-0.015,0.092,0.944,-3.972320556640625,nan
2025-02-27T03:21:19.780922,0.193,0.687,-0.13,0.688,0.314,-0.015,0.095,0.945,-3.9646530151367188,nan
2025-02-27T03:21:19.877262,0.196,0.688,-0.125,0.687,0.314,-0.013,0.103,0.944,-3.9672088623046875,nan
2025-02-27T03:21:19.972856,0.201,0.689,-0.121,0.685,0.314,-0.008,0.109,0.943,-3.972320556640625,nan
2025-02-27T03:21:20.069111,0.204,0.69,-0.116,0.685,0.311,-0.011,0.112,0.944,-3.9646530151367188,nan
2025-02-27T03:21:20.164768,0.204,0.689,-0.114,0.686,0.31,-0.012,0.11,0.944,-3.9748764038085938,nan
2025-02-27T03:21:20.261051,0.202,0.688,-0.112,0.688,0.31,-0.013,0.106,0.945,-3.9595413208007812,nan
2025-02-27T03:21:20.356663,0.198,0.687,-0.116,0.69,0.31,-0.017,0.102,0.945,-3.9672088623046875,nan
2025-02-27T03:21:20.468929,0.192,0.684,-0.117,0.694,0.308,-0.024,0.097,0.946,-3.972320556640625,nan
2025-02-27T03:21:20.564545,0.189,0.684,-0.121,0.695,0.307,-0.029,0.091,0.947,-3.972320556640625,nan
2025-02-27T03:21:20.660875,0.184,0.682,-0.123,0.697,0.303,-0.032,0.088,0.948,-3.9569854736328125,nan
2025-02-27T03:21:20.756470,0.178,0.681,-0.118,0.7,0.297,-0.036,0.088,0.95,-3.96209716796875,nan
2025-02-27T03:21:20.852784,0.174,0.681,-0.123,0.7,0.299,-0.038,0.083,0.95,-3.9646530151367188,nan
2025-02-27T03:21:20.948375,0.174,0.681,-0.127,0.7,0.304,-0.039,0.079,0.949,-3.96209716796875,nan
2025-02-27T03:21:21.044656,0.171,0.679,-0.133,0.702,0.305,-0.04,0.074,0.949,-3.9595413208007812,nan
2025-02-27T03:21:21.140286,0.167,0.678,-0.138,0.703,0.306,-0.042,0.064,0.949,-3.9595413208007812,nan
2025-02-27T03:21:21.236572,0.163,0.675,-0.15,0.704,0.313,-0.046,0.055,0.947,-3.9672088623046875,nan
2025-02-27T03:21:21.348199,0.164,0.674,-0.151,0.705,0.316,-0.046,0.054,0.946,-3.9672088623046875,nan
2025-02-27T03:21:21.444490,0.167,0.673,-0.149,0.705,0.317,-0.044,0.057,0.946,-3.96209716796875,nan
2025-02-27T03:21:21.540174,0.17,0.676,-0.146,0.702,0.317,-0.043,0.063,0.945,-3.9646530151367188,nan
2025-02-27T03:21:21.636400,0.176,0.678,-0.142,0.7,0.318,-0.038,0.07,0.945,-3.96209716796875,nan
2025-02-27T03:21:21.732038,0.18,0.679,-0.139,0.698,0.318,-0.033,0.076,0.944,-3.9595413208007812,nan
2025-02-27T03:21:21.828316,0.183,0.68,-0.136,0.697,0.317,-0.03,0.081,0.945,-3.9646530151367188,nan
2025-02-27T03:21:21.923954,0.187,0.682,-0.133,0.695,0.317,-0.026,0.085,0.944,-3.972320556640625,nan
2025-02-27T03:21:22.020249,0.189,0.683,-0.133,0.693,0.317,-0.023,0.088,0.944,-3.9697647094726562,nan
2025-02-27T03:21:22.115833,0.19,0.683,-0.133,0.692,0.318,-0.022,0.088,0.944,-3.9672088623046875,nan
2025-02-27T03:21:22.228106,0.198,0.684,-0.13,0.69,0.322,-0.018,0.096,0.942,-3.972320556640625,nan
2025-02-27T03:21:22.323780,0.202,0.686,-0.125,0.688,0.32,-0.015,0.105,0.942,-3.9697647094726562,nan
2025-02-27T03:21:22.420101,0.205,0.687,-0.122,0.686,0.317,-0.015,0.109,0.942,-3.972320556640625,nan
2025-02-27T03:21:22.515724,0.204,0.687,-0.119,0.687,0.316,-0.016,0.112,0.942,-3.972320556640625,nan
2025-02-27T03:21:22.612014,0.2,0.685,-0.117,0.691,0.316,-0.026,0.106,0.942,-3.972320556640625,nan
2025-02-27T03:21:22.707680,0.196,0.684,-0.121,0.692,0.316,-0.03,0.104,0.942,-3.9748764038085938,nan
2025-02-27T03:21:22.803968,0.193,0.683,-0.121,0.694,0.315,-0.034,0.102,0.943,-3.9646530151367188,nan
2025-02-27T03:21:22.899514,0.189,0.682,-0.119,0.697,0.311,-0.037,0.098,0.945,-3.9672088623046875,nan
2025-02-27T03:21:22.995816,0.182,0.681,-0.115,0.7,0.302,-0.041,0.096,0.947,-3.9518814086914062,nan
2025-02-27T03:21:23.107444,0.176,0.681,-0.113,0.701,0.299,-0.043,0.094,0.949,-3.954437255859375,nan
2025-02-27T03:21:23.203797,0.17,0.682,-0.116,0.702,0.298,-0.044,0.085,0.95,-3.9672088623046875,nan
2025-02-27T03:21:23.299346,0.17,0.683,-0.127,0.699,0.308,-0.045,0.075,0.947,-3.9646530151367188,nan
2025-02-27T03:21:23.395606,0.167,0.679,-0.132,0.703,0.309,-0.048,0.066,0.947,-3.96209716796875,nan
2025-02-27T03:21:23.491553,0.163,0.678,-0.138,0.703,0.311,-0.048,0.058,0.947,-3.9646530151367188,nan
2025-02-27T03:21:23.586826,0.159,0.678,-0.148,0.703,0.315,-0.047,0.053,0.946,-3.9646530151367188,nan
2025-02-27T03:21:23.682953,0.162,0.676,-0.149,0.704,0.318,-0.046,0.056,0.945,-3.9672088623046875,nan
2025-02-27T03:21:23.779515,0.168,0.678,-0.144,0.701,0.318,-0.04,0.064,0.945,-3.9672088623046875,nan
2025-02-27T03:21:23.875056,0.174,0.678,-0.141,0.7,0.319,-0.035,0.072,0.945,-3.96209716796875,nan
2025-02-27T03:21:23.971351,0.178,0.68,-0.139,0.697,0.319,-0.031,0.077,0.944,-3.9774322509765625,nan
2025-02-27T03:21:24.082033,0.182,0.682,-0.135,0.696,0.319,-0.026,0.082,0.944,-3.9748764038085938,nan
2025-02-27T03:21:24.179253,0.187,0.683,-0.132,0.694,0.322,-0.024,0.088,0.942,-3.9672088623046875,nan
2025-02-27T03:21:24.274873,0.192,0.685,-0.129,0.691,0.322,-0.02,0.093,0.942,-3.9697647094726562,nan
2025-02-27T03:21:24.371302,0.193,0.685,-0.127,0.691,0.324,-0.023,0.096,0.941,-3.9774322509765625,nan
2025-02-27T03:21:24.482794,0.207,0.685,-0.125,0.687,0.327,-0.019,0.107,0.939,-3.972320556640625,nan
2025-02-27T03:21:24.579138,0.208,0.686,-0.114,0.688,0.318,-0.019,0.118,0.941,-3.9697647094726562,nan
2025-02-27T03:21:24.674720,0.203,0.688,-0.107,0.689,0.311,-0.021,0.118,0.943,-3.972320556640625,nan
2025-02-27T03:21:24.785888,0.195,0.685,-0.107,0.694,0.307,-0.018,0.112,0.945,-3.972320556640625,nan
2025-02-27T03:21:24.882581,0.19,0.684,-0.111,0.696,0.307,-0.016,0.106,0.945,-3.972320556640625,nan
2025-02-27T03:21:24.978898,0.188,0.684,-0.112,0.695,0.306,-0.018,0.103,0.946,-3.9697647094726562,nan
2025-02-27T03:21:25.074523,0.185,0.684,-0.112,0.697,0.304,-0.021,0.099,0.947,-3.9672088623046875,nan
2025-02-27T03:21:25.170802,0.177,0.682,-0.111,0.701,0.297,-0.028,0.095,0.95,-3.9595413208007812,nan
2025-02-27T03:21:25.266449,0.168,0.68,-0.109,0.705,0.289,-0.033,0.09,0.952,-3.9569854736328125,nan
2025-02-27T03:21:25.362697,0.161,0.682,-0.112,0.705,0.291,-0.034,0.08,0.953,-3.9646530151367188,nan
2025-02-27T03:21:25.458323,0.161,0.68,-0.122,0.705,0.299,-0.038,0.069,0.951,-3.9697647094726562,nan
2025-02-27T03:21:25.554634,0.157,0.678,-0.128,0.707,0.301,-0.039,0.06,0.951,-3.9672088623046875,nan
2025-02-27T03:21:25.665399,0.155,0.676,-0.135,0.708,0.307,-0.041,0.056,0.949,-3.9646530151367188,nan
2025-02-27T03:21:25.762549,0.155,0.676,-0.137,0.707,0.308,-0.037,0.058,0.949,-3.9518814086914062,nan
2025-02-27T03:21:25.858127,0.157,0.675,-0.138,0.707,0.309,-0.032,0.061,0.949,-3.96209716796875,nan
2025-02-27T03:21:25.954434,0.161,0.677,-0.134,0.706,0.31,-0.032,0.066,0.948,-3.9672088623046875,nan
2025-02-27T03:21:26.050056,0.166,0.678,-0.132,0.704,0.31,-0.028,0.072,0.947,-3.9672088623046875,nan
2025-02-27T03:21:26.146346,0.171,0.68,-0.128,0.701,0.311,-0.025,0.078,0.947,-3.972320556640625,nan
2025-02-27T03:21:26.241974,0.175,0.682,-0.126,0.699,0.312,-0.022,0.082,0.946,-3.972320556640625,nan
2025-02-27T03:21:26.338295,0.18,0.683,-0.122,0.697,0.316,-0.023,0.088,0.945,-3.972320556640625,nan
2025-02-27T03:21:26.433881,0.187,0.685,-0.12,0.694,0.317,-0.019,0.092,0.944,-3.9774322509765625,nan
2025-02-27T03:21:26.530200,0.186,0.685,-0.117,0.694,0.315,-0.02,0.097,0.944,-3.9697647094726562,nan
2025-02-27T03:21:26.641796,0.192,0.687,-0.112,0.692,0.315,-0.016,0.106,0.943,-3.9748764038085938,nan
2025-02-27T03:21:26.738135,0.197,0.688,-0.107,0.69,0.312,-0.015,0.114,0.943,-3.9825363159179688,nan
2025-02-27T03:21:26.833676,0.195,0.687,-0.104,0.692,0.311,-0.017,0.112,0.944,-3.97998046875,nan
2025-02-27T03:21:26.929999,0.192,0.689,-0.105,0.691,0.308,-0.018,0.108,0.945,-3.9774322509765625,nan
2025-02-27T03:21:27.025576,0.191,0.687,-0.106,0.693,0.308,-0.021,0.102,0.945,-3.9672088623046875,nan
2025-02-27T03:21:27.121916,0.19,0.687,-0.106,0.694,0.307,-0.025,0.101,0.946,-3.9672088623046875,nan
2025-02-27T03:21:27.217479,0.185,0.685,-0.109,0.696,0.307,-0.025,0.097,0.947,-3.9646530151367188,nan
2025-02-27T03:21:27.313812,0.181,0.684,-0.11,0.698,0.303,-0.028,0.097,0.948,-3.9672088623046875,nan
2025-02-27T03:21:27.409395,0.182,0.686,-0.104,0.697,0.301,-0.027,0.101,0.948,-3.9672088623046875,nan
2025-02-27T03:21:27.520081,0.173,0.684,-0.11,0.7,0.301,-0.032,0.087,0.949,-3.972320556640625,nan
2025-02-27T03:21:27.617296,0.165,0.68,-0.124,0.704,0.304,-0.038,0.075,0.949,-3.9697647094726562,nan
2025-02-27T03:21:27.713656,0.161,0.679,-0.129,0.705,0.306,-0.038,0.067,0.949,-3.9646530151367188,nan
2025-02-27T03:21:27.809225,0.157,0.677,-0.135,0.706,0.308,-0.039,0.061,0.949,-3.96209716796875,nan
2025-02-27T03:21:27.905507,0.155,0.676,-0.141,0.707,0.312,-0.04,0.055,0.948,-3.9672088623046875,nan
2025-02-27T03:21:28.001116,0.157,0.674,-0.141,0.708,0.313,-0.034,0.058,0.947,-3.9672088623046875,nan
2025-02-27T03:21:28.097405,0.162,0.678,-0.138,0.704,0.314,-0.033,0.065,0.947,-3.9646530151367188,nan
2025-02-27T03:21:28.193071,0.168,0.678,-0.135,0.703,0.314,-0.028,0.071,0.946,-3.9672088623046875,nan
2025-02-27T03:21:28.289297,0.173,0.68,-0.131,0.7,0.315,-0.024,0.078,0.946,-3.9672088623046875,nan
2025-02-27T03:21:28.384930,0.178,0.683,-0.129,0.697,0.317,-0.021,0.086,0.944,-3.9697647094726562,nan
2025-02-27T03:21:28.497582,0.184,0.684,-0.124,0.695,0.317,-0.02,0.094,0.944,-3.9748764038085938,nan
2025-02-27T03:21:28.592485,0.186,0.685,-0.123,0.694,0.314,-0.016,0.097,0.944,-3.972320556640625,nan
2025-02-27T03:21:28.688470,0.186,0.687,-0.113,0.693,0.312,-0.019,0.105,0.944,-3.9774322509765625,nan
2025-02-27T03:21:28.784089,0.192,0.689,-0.109,0.691,0.314,-0.018,0.108,0.943,-3.97998046875,nan
2025-02-27T03:21:28.881033,0.196,0.688,-0.104,0.691,0.313,-0.016,0.115,0.943,-3.97998046875,nan
2025-02-27T03:21:28.976658,0.196,0.687,-0.102,0.692,0.311,-0.017,0.117,0.943,-3.97998046875,nan
2025-02-27T03:21:29.072963,0.192,0.688,-0.101,0.693,0.309,-0.011,0.11,0.945,-3.9697647094726562,nan
2025-02-27T03:21:29.168550,0.189,0.687,-0.104,0.693,0.309,-0.008,0.104,0.945,-3.9748764038085938,nan
2025-02-27T03:21:29.265058,0.182,0.686,-0.107,0.696,0.306,-0.014,0.097,0.947,-3.9697647094726562,nan
2025-02-27T03:21:29.375570,0.175,0.686,-0.114,0.697,0.306,-0.016,0.092,0.947,-3.9672088623046875,nan
2025-02-27T03:21:29.488840,0.173,0.684,-0.118,0.698,0.305,-0.019,0.086,0.948,-3.9697647094726562,nan
2025-02-27T03:21:29.584390,0.167,0.684,-0.122,0.699,0.308,-0.023,0.079,0.948,-3.9672088623046875,nan
2025-02-27T03:21:29.680819,0.167,0.684,-0.127,0.698,0.312,-0.025,0.073,0.947,-3.96209716796875,nan
2025-02-27T03:21:29.776300,0.163,0.681,-0.132,0.702,0.309,-0.028,0.066,0.948,-3.96209716796875,nan
2025-02-27T03:21:29.872632,0.155,0.682,-0.136,0.702,0.309,-0.03,0.057,0.949,-3.96209716796875,nan
2025-02-27T03:21:29.968163,0.154,0.68,-0.139,0.703,0.31,-0.029,0.055,0.949,-3.9646530151367188,nan
2025-02-27T03:21:30.079268,0.156,0.679,-0.139,0.703,0.312,-0.033,0.057,0.948,-3.954437255859375,nan
2025-02-27T03:21:30.176095,0.159,0.68,-0.135,0.703,0.313,-0.031,0.065,0.947,-3.96209716796875,nan
2025-02-27T03:21:30.272381,0.163,0.68,-0.134,0.702,0.314,-0.028,0.069,0.946,-3.9646530151367188,nan
2025-02-27T03:21:30.368003,0.166,0.682,-0.133,0.7,0.316,-0.026,0.072,0.946,-3.9672088623046875,nan
2025-02-27T03:21:30.464297,0.17,0.683,-0.131,0.698,0.318,-0.024,0.077,0.945,-3.9748764038085938,nan
2025-02-27T03:21:30.559920,0.177,0.685,-0.127,0.695,0.32,-0.02,0.084,0.944,-3.9748764038085938,nan
2025-02-27T03:21:30.656273,0.187,0.686,-0.124,0.692,0.324,-0.017,0.093,0.941,-3.96209716796875,nan
2025-02-27T03:21:30.751905,0.186,0.687,-0.118,0.692,0.312,-0.013,0.097,0.945,-3.9748764038085938,nan
2025-02-27T03:21:30.848149,0.184,0.689,-0.109,0.693,0.311,-0.016,0.101,0.945,-3.9748764038085938,nan
2025-02-27T03:21:30.943798,0.189,0.69,-0.105,0.69,0.311,-0.012,0.109,0.944,-3.972320556640625,nan
2025-02-27T03:21:31.040064,0.194,0.691,-0.101,0.689,0.311,-0.011,0.117,0.943,-3.972320556640625,nan
2025-02-27T03:21:31.151681,0.195,0.691,-0.097,0.689,0.31,-0.01,0.118,0.943,-3.9697647094726562,nan
2025-02-27T03:21:31.247954,0.195,0.689,-0.093,0.692,0.312,-0.02,0.116,0.943,-3.972320556640625,nan
2025-02-27T03:21:31.343604,0.189,0.688,-0.099,0.693,0.313,-0.022,0.113,0.943,-3.9697647094726562,nan
2025-02-27T03:21:31.439875,0.181,0.687,-0.101,0.696,0.309,-0.025,0.106,0.945,-3.972320556640625,nan
2025-02-27T03:21:31.535573,0.175,0.686,-0.104,0.699,0.306,-0.03,0.1,0.946,-3.9672088623046875,nan
2025-02-27T03:21:31.631834,0.17,0.685,-0.102,0.701,0.302,-0.034,0.096,0.948,-3.9493255615234375,nan
2025-02-27T03:21:31.727485,0.166,0.685,-0.103,0.702,0.303,-0.036,0.09,0.948,-3.9493255615234375,nan
2025-02-27T03:21:31.823766,0.165,0.686,-0.109,0.7,0.306,-0.036,0.087,0.947,-3.9748764038085938,nan
2025-02-27T03:21:31.919338,0.16,0.683,-0.117,0.703,0.308,-0.038,0.08,0.947,-3.9748764038085938,nan
2025-02-27T03:21:32.015636,0.15,0.68,-0.126,0.706,0.311,-0.047,0.066,0.947,-3.9646530151367188,nan
2025-02-27T03:21:32.127228,0.144,0.675,-0.139,0.71,0.316,-0.046,0.055,0.946,-3.96209716796875,nan
2025-02-27T03:21:32.223513,0.149,0.675,-0.141,0.709,0.318,-0.044,0.059,0.945,-3.9569854736328125,nan
2025-02-27T03:21:32.319150,0.153,0.676,-0.138,0.708,0.318,-0.031,0.064,0.945,-3.9518814086914062,nan
2025-02-27T03:21:32.415411,0.159,0.678,-0.135,0.704,0.319,-0.024,0.069,0.945,-3.96209716796875,nan
2025-02-27T03:21:32.511069,0.165,0.68,-0.131,0.702,0.32,-0.022,0.074,0.944,-3.9595413208007812,nan
2025-02-27T03:21:32.607329,0.17,0.682,-0.129,0.699,0.322,-0.018,0.079,0.943,-3.972320556640625,nan
2025-02-27T03:21:32.703033,0.175,0.683,-0.126,0.698,0.323,-0.016,0.085,0.942,-3.972320556640625,nan
2025-02-27T03:21:32.799294,0.18,0.684,-0.124,0.696,0.324,-0.013,0.091,0.942,-3.9697647094726562,nan
2025-02-27T03:21:32.894894,0.183,0.686,-0.122,0.694,0.322,-0.012,0.094,0.942,-3.9748764038085938,nan
2025-02-27T03:21:32.991168,0.185,0.687,-0.115,0.693,0.323,-0.012,0.1,0.941,-3.9748764038085938,nan
2025-02-27T03:21:33.102808,0.191,0.689,-0.11,0.69,0.323,-0.008,0.106,0.94,-3.9697647094726562,nan
2025-02-27T03:21:33.199123,0.193,0.69,-0.106,0.69,0.323,-0.009,0.107,0.94,-3.9672088623046875,nan
2025-02-27T03:21:33.294693,0.193,0.69,-0.105,0.689,0.323,-0.009,0.105,0.94,-3.9697647094726562,nan
2025-02-27T03:21:33.390985,0.189,0.688,-0.104,0.693,0.323,-0.019,0.105,0.94,-3.972320556640625,nan
2025-02-27T03:21:33.486893,0.186,0.688,-0.108,0.693,0.324,-0.018,0.101,0.94,-3.9748764038085938,nan
2025-02-27T03:21:33.582561,0.182,0.687,-0.112,0.694,0.322,-0.021,0.098,0.941,-3.9774322509765625,nan
2025-02-27T03:21:33.677903,0.178,0.686,-0.115,0.696,0.323,-0.021,0.092,0.942,-3.972320556640625,nan
2025-02-27T03:21:33.774085,0.175,0.685,-0.12,0.697,0.324,-0.025,0.085,0.942,-3.9672088623046875,nan
2025-02-27T03:21:33.870466,0.173,0.683,-0.122,0.699,0.325,-0.028,0.079,0.942,-3.9646530151367188,nan
2025-02-27T03:21:33.966761,0.169,0.681,-0.128,0.7,0.328,-0.029,0.075,0.941,-3.9646530151367188,nan
2025-02-27T03:21:34.062422,0.173,0.68,-0.13,0.7,0.331,-0.031,0.072,0.94,-3.9672088623046875,nan
2025-02-27T03:21:34.173904,0.164,0.678,-0.137,0.704,0.328,-0.035,0.061,0.942,-3.9697647094726562,nan
2025-02-27T03:21:34.270269,0.151,0.677,-0.146,0.705,0.328,-0.039,0.047,0.943,-3.96209716796875,nan
2025-02-27T03:21:34.366560,0.153,0.676,-0.147,0.706,0.33,-0.044,0.045,0.942,-3.9672088623046875,nan
2025-02-27T03:21:34.478198,0.158,0.676,-0.145,0.705,0.331,-0.035,0.056,0.941,-3.9672088623046875,nan
2025-02-27T03:21:34.574500,0.165,0.679,-0.14,0.702,0.332,-0.031,0.066,0.941,-3.9697647094726562,nan
2025-02-27T03:21:34.670142,0.17,0.68,-0.137,0.7,0.332,-0.028,0.072,0.94,-3.96209716796875,nan
2025-02-27T03:21:34.766475,0.175,0.681,-0.134,0.698,0.333,-0.025,0.078,0.939,-3.9697647094726562,nan
2025-02-27T03:21:34.876956,0.181,0.682,-0.13,0.696,0.335,-0.022,0.085,0.938,-3.9697647094726562,nan
2025-02-27T03:21:34.974301,0.186,0.684,-0.127,0.694,0.336,-0.018,0.091,0.937,-3.972320556640625,nan
2025-02-27T03:21:35.069913,0.187,0.686,-0.124,0.693,0.332,-0.018,0.095,0.938,-3.9697647094726562,nan
2025-02-27T03:21:35.166205,0.193,0.686,-0.116,0.692,0.333,-0.017,0.105,0.937,-3.9646530151367188,nan
2025-02-27T03:21:35.261806,0.198,0.689,-0.111,0.689,0.335,-0.012,0.109,0.936,-3.972320556640625,nan
2025-02-27T03:21:35.358139,0.2,0.689,-0.106,0.689,0.333,-0.012,0.112,0.936,-3.9774322509765625,nan
2025-02-27T03:21:35.453684,0.196,0.687,-0.106,0.692,0.331,-0.012,0.11,0.937,-3.97998046875,nan
2025-02-27T03:21:35.550008,0.193,0.684,-0.108,0.695,0.331,-0.013,0.107,0.937,-3.9774322509765625,nan
2025-02-27T03:21:35.645618,0.189,0.684,-0.112,0.696,0.331,-0.017,0.103,0.938,-3.9774322509765625,nan
2025-02-27T03:21:35.757352,0.183,0.682,-0.116,0.699,0.33,-0.019,0.095,0.939,-3.97998046875,nan
2025-02-27T03:21:35.853545,0.175,0.681,-0.115,0.702,0.323,-0.026,0.093,0.941,-3.9748764038085938,nan
2025-02-27T03:21:35.949853,0.171,0.68,-0.11,0.704,0.319,-0.03,0.093,0.943,-3.972320556640625,nan
2025-02-27T03:21:36.045450,0.167,0.682,-0.111,0.704,0.321,-0.032,0.089,0.943,-3.9697647094726562,nan
2025-02-27T03:21:36.141719,0.17,0.68,-0.123,0.703,0.331,-0.035,0.082,0.939,-3.9672088623046875,nan
2025-02-27T03:21:36.237317,0.168,0.675,-0.135,0.706,0.336,-0.04,0.069,0.938,-3.9672088623046875,nan
2025-02-27T03:21:36.333635,0.154,0.67,-0.146,0.712,0.339,-0.051,0.048,0.938,-3.96209716796875,nan
2025-02-27T03:21:36.429225,0.151,0.663,-0.156,0.716,0.339,-0.035,0.051,0.939,-3.9697647094726562,nan
2025-02-27T03:21:36.525526,0.151,0.668,-0.158,0.711,0.34,-0.031,0.059,0.938,-3.9595413208007812,nan
2025-02-27T03:21:36.636638,0.159,0.67,-0.153,0.709,0.341,-0.028,0.069,0.937,-3.9646530151367188,nan
2025-02-27T03:21:36.733618,0.167,0.672,-0.148,0.706,0.342,-0.023,0.078,0.936,-3.9646530151367188,nan
2025-02-27T03:21:36.829091,0.174,0.676,-0.141,0.702,0.341,-0.019,0.086,0.936,-3.96209716796875,nan
2025-02-27T03:21:36.925373,0.181,0.678,-0.136,0.699,0.342,-0.015,0.091,0.935,-3.9595413208007812,nan
2025-02-27T03:21:37.021001,0.183,0.679,-0.136,0.698,0.337,-0.011,0.094,0.937,-3.96209716796875,nan
2025-02-27T03:21:37.117262,0.186,0.68,-0.13,0.697,0.34,-0.013,0.101,0.935,-3.9595413208007812,nan
2025-02-27T03:21:37.212886,0.193,0.683,-0.123,0.693,0.339,-0.01,0.11,0.934,-3.9646530151367188,nan
2025-02-27T03:21:37.309212,0.197,0.684,-0.119,0.692,0.339,-0.008,0.114,0.934,-3.9748764038085938,nan
2025-02-27T03:21:37.404798,0.197,0.684,-0.118,0.692,0.338,-0.009,0.114,0.934,-3.972320556640625,nan
2025-02-27T03:21:37.501087,0.194,0.682,-0.116,0.695,0.337,-0.013,0.109,0.935,-3.9748764038085938,nan
2025-02-27T03:21:37.612681,0.19,0.68,-0.12,0.698,0.336,-0.016,0.101,0.936,-3.9774322509765625,nan
2025-02-27T03:21:37.709034,0.186,0.678,-0.123,0.7,0.336,-0.019,0.094,0.937,-3.9672088623046875,nan
2025-02-27T03:21:37.804613,0.182,0.678,-0.128,0.701,0.337,-0.022,0.088,0.937,-3.972320556640625,nan
2025-02-27T03:21:37.900895,0.181,0.678,-0.129,0.701,0.337,-0.024,0.085,0.937,-3.9748764038085938,nan
2025-02-27T03:21:37.996537,0.179,0.678,-0.132,0.7,0.337,-0.024,0.082,0.938,-3.9748764038085938,nan
2025-02-27T03:21:38.092802,0.175,0.678,-0.137,0.7,0.338,-0.025,0.076,0.938,-3.972320556640625,nan
2025-02-27T03:21:38.188562,0.177,0.676,-0.142,0.702,0.343,-0.029,0.068,0.936,-3.9672088623046875,nan
2025-02-27T03:21:38.284772,0.169,0.672,-0.152,0.704,0.344,-0.032,0.058,0.937,-3.9595413208007812,nan
2025-02-27T03:21:38.396344,0.161,0.671,-0.156,0.707,0.342,-0.037,0.05,0.938,-3.9595413208007812,nan
2025-02-27T03:21:38.492927,0.159,0.671,-0.157,0.707,0.343,-0.036,0.052,0.937,-3.9646530151367188,nan
2025-02-27T03:21:38.588119,0.163,0.673,-0.156,0.704,0.344,-0.031,0.055,0.937,-3.9646530151367188,nan
2025-02-27T03:21:38.683829,0.165,0.675,-0.155,0.702,0.345,-0.029,0.061,0.936,-3.9518814086914062,nan
2025-02-27T03:21:38.780171,0.171,0.677,-0.15,0.7,0.346,-0.025,0.069,0.936,-3.9595413208007812,nan
2025-02-27T03:21:38.876485,0.177,0.679,-0.147,0.697,0.346,-0.02,0.077,0.935,-3.9646530151367188,nan
2025-02-27T03:21:38.972052,0.182,0.682,-0.143,0.694,0.347,-0.017,0.083,0.934,-3.9646530151367188,nan
2025-02-27T03:21:39.068372,0.186,0.683,-0.14,0.692,0.347,-0.015,0.086,0.934,-3.9646530151367188,nan
2025-02-27T03:21:39.163935,0.191,0.685,-0.137,0.69,0.347,-0.013,0.09,0.933,-3.9646530151367188,nan
2025-02-27T03:21:39.276207,0.191,0.686,-0.136,0.689,0.347,-0.012,0.093,0.933,-3.9672088623046875,nan
2025-02-27T03:21:39.371838,0.198,0.687,-0.13,0.687,0.347,-0.008,0.104,0.932,-3.9697647094726562,nan
2025-02-27T03:21:39.484110,0.204,0.691,-0.124,0.682,0.345,-0.007,0.115,0.931,-3.9697647094726562,nan
2025-02-27T03:21:39.579803,0.204,0.691,-0.121,0.683,0.345,-0.006,0.114,0.932,-3.9672088623046875,nan
2025-02-27T03:21:39.676164,0.201,0.691,-0.119,0.684,0.345,-0.017,0.111,0.932,-3.972320556640625,nan
2025-02-27T03:21:39.771735,0.196,0.688,-0.125,0.688,0.346,-0.019,0.102,0.933,-3.9646530151367188,nan
2025-02-27T03:21:39.868079,0.191,0.686,-0.127,0.69,0.345,-0.021,0.095,0.934,-3.9646530151367188,nan
2025-02-27T03:21:39.979607,0.187,0.685,-0.131,0.692,0.345,-0.023,0.089,0.934,-3.9697647094726562,nan
2025-02-27T03:21:40.075982,0.185,0.684,-0.134,0.693,0.344,-0.025,0.086,0.935,-3.972320556640625,nan
2025-02-27T03:21:40.171534,0.185,0.683,-0.132,0.694,0.343,-0.026,0.089,0.935,-3.972320556640625,nan
2025-02-27T03:21:40.267810,0.187,0.683,-0.128,0.695,0.342,-0.028,0.091,0.935,-3.9646530151367188,nan
2025-02-27T03:21:40.363424,0.185,0.682,-0.132,0.695,0.344,-0.031,0.082,0.935,-3.96209716796875,nan
2025-02-27T03:21:40.459757,0.18,0.68,-0.139,0.697,0.344,-0.034,0.07,0.936,-3.9646530151367188,nan
2025-02-27T03:21:40.555343,0.163,0.665,-0.144,0.714,0.344,-0.05,0.059,0.936,-3.9646530151367188,nan
2025-02-27T03:21:40.651666,0.163,0.667,-0.159,0.709,0.349,-0.041,0.051,0.935,-3.9569854736328125,nan
2025-02-27T03:21:40.747273,0.166,0.671,-0.16,0.704,0.352,-0.043,0.054,0.933,-3.96209716796875,nan
2025-02-27T03:21:40.843552,0.171,0.675,-0.156,0.701,0.353,-0.039,0.062,0.933,-3.96209716796875,nan
2025-02-27T03:21:40.939190,0.177,0.675,-0.151,0.7,0.353,-0.034,0.071,0.932,-3.96209716796875,nan
2025-02-27T03:21:41.050577,0.183,0.678,-0.147,0.697,0.353,-0.029,0.075,0.932,-3.9646530151367188,nan
2025-02-27T03:21:41.147073,0.185,0.68,-0.142,0.695,0.351,-0.027,0.08,0.932,-3.9672088623046875,nan
2025-02-27T03:21:41.243379,0.187,0.682,-0.141,0.693,0.351,-0.023,0.084,0.932,-3.9646530151367188,nan
2025-02-27T03:21:41.338977,0.192,0.684,-0.138,0.691,0.351,-0.021,0.091,0.932,-3.9646530151367188,nan
2025-02-27T03:21:41.435283,0.194,0.685,-0.134,0.69,0.349,-0.017,0.098,0.932,-3.9672088623046875,nan
2025-02-27T03:21:41.530917,0.2,0.686,-0.129,0.687,0.349,-0.012,0.106,0.931,-3.96209716796875,nan
2025-02-27T03:21:41.627168,0.203,0.688,-0.124,0.686,0.349,-0.011,0.112,0.93,-3.9774322509765625,nan
2025-02-27T03:21:41.722820,0.205,0.689,-0.121,0.684,0.348,-0.012,0.114,0.93,-3.97998046875,nan
2025-02-27T03:21:41.819123,0.203,0.688,-0.12,0.687,0.345,-0.009,0.109,0.932,-3.972320556640625,nan
2025-02-27T03:21:41.930191,0.201,0.685,-0.122,0.689,0.345,-0.009,0.103,0.933,-3.9774322509765625,nan
2025-02-27T03:21:42.026972,0.195,0.684,-0.125,0.692,0.343,-0.013,0.105,0.933,-3.97998046875,nan
2025-02-27T03:21:42.122592,0.192,0.683,-0.125,0.693,0.341,-0.015,0.101,0.934,-3.97998046875,nan
2025-02-27T03:21:42.218907,0.187,0.683,-0.126,0.695,0.337,-0.02,0.096,0.936,-3.97998046875,nan
2025-02-27T03:21:42.314538,0.182,0.681,-0.127,0.698,0.335,-0.023,0.092,0.937,-3.9774322509765625,nan
2025-02-27T03:21:42.410830,0.182,0.682,-0.124,0.698,0.333,-0.025,0.093,0.938,-3.9595413208007812,nan
2025-02-27T03:21:42.506472,0.179,0.682,-0.125,0.698,0.334,-0.027,0.09,0.938,-3.9672088623046875,nan
2025-02-27T03:21:42.602724,0.177,0.682,-0.13,0.698,0.339,-0.029,0.081,0.937,-3.9595413208007812,nan
2025-02-27T03:21:42.698434,0.17,0.678,-0.142,0.701,0.34,-0.032,0.07,0.937,-3.9672088623046875,nan
2025-02-27T03:21:42.794800,0.159,0.676,-0.154,0.703,0.345,-0.038,0.052,0.936,-3.9774322509765625,nan
2025-02-27T03:21:42.906250,0.159,0.673,-0.157,0.705,0.349,-0.044,0.054,0.935,-3.9825363159179688,nan
2025-02-27T03:21:43.002581,0.164,0.671,-0.153,0.707,0.349,-0.039,0.057,0.934,-3.9850921630859375,nan
2025-02-27T03:21:43.098191,0.167,0.674,-0.151,0.703,0.35,-0.038,0.064,0.934,-3.97998046875,nan
2025-02-27T03:21:43.194502,0.172,0.676,-0.147,0.702,0.351,-0.033,0.07,0.933,-3.9646530151367188,nan
2025-02-27T03:21:43.290180,0.178,0.678,-0.143,0.699,0.35,-0.029,0.078,0.933,-3.9748764038085938,nan
2025-02-27T03:21:43.386431,0.183,0.68,-0.138,0.696,0.35,-0.024,0.085,0.933,-3.9825363159179688,nan
2025-02-27T03:21:43.482041,0.187,0.682,-0.135,0.694,0.35,-0.022,0.088,0.932,-3.9876480102539062,nan
2025-02-27T03:21:43.578271,0.189,0.683,-0.134,0.693,0.35,-0.019,0.09,0.932,-3.9825363159179688,nan
2025-02-27T03:21:43.673322,0.19,0.685,-0.131,0.691,0.347,-0.018,0.094,0.933,-3.9876480102539062,nan
2025-02-27T03:21:43.786319,0.2,0.686,-0.129,0.688,0.354,-0.015,0.103,0.93,-3.9876480102539062,nan
2025-02-27T03:21:43.881948,0.205,0.688,-0.124,0.685,0.351,-0.011,0.109,0.93,-3.9825363159179688,nan
2025-02-27T03:21:43.978184,0.207,0.689,-0.121,0.684,0.35,-0.01,0.112,0.93,-3.9850921630859375,nan
2025-02-27T03:21:44.073804,0.203,0.683,-0.118,0.692,0.35,-0.011,0.109,0.93,-3.9850921630859375,nan
2025-02-27T03:21:44.170098,0.203,0.683,-0.119,0.692,0.35,-0.014,0.101,0.931,-3.9876480102539062,nan
2025-02-27T03:21:44.265642,0.195,0.679,-0.12,0.698,0.345,-0.018,0.096,0.933,-3.9876480102539062,nan
2025-02-27T03:21:44.361985,0.188,0.678,-0.123,0.7,0.341,-0.023,0.09,0.935,-3.9953155517578125,nan
2025-02-27T03:21:44.489564,0.182,0.677,-0.123,0.702,0.339,-0.027,0.085,0.937,-3.9953155517578125,nan
2025-02-27T03:21:44.585894,0.175,0.677,-0.125,0.703,0.338,-0.03,0.08,0.937,-3.9850921630859375,nan
2025-02-27T03:21:44.681468,0.174,0.677,-0.132,0.703,0.344,-0.031,0.074,0.936,-3.9850921630859375,nan
2025-02-27T03:21:44.777848,0.172,0.675,-0.137,0.704,0.347,-0.033,0.069,0.935,-3.9850921630859375,nan
2025-02-27T03:21:44.873384,0.162,0.674,-0.142,0.707,0.343,-0.038,0.06,0.937,-3.9850921630859375,nan
2025-02-27T03:21:44.969697,0.158,0.671,-0.152,0.708,0.349,-0.04,0.052,0.935,-3.9850921630859375,nan
2025-02-27T03:21:45.065275,0.16,0.672,-0.153,0.707,0.351,-0.04,0.052,0.934,-3.9850921630859375,nan
2025-02-27T03:21:45.161612,0.161,0.673,-0.152,0.706,0.352,-0.038,0.056,0.934,-3.9825363159179688,nan
2025-02-27T03:21:45.271399,0.166,0.675,-0.15,0.703,0.353,-0.034,0.062,0.933,-3.9825363159179688,nan
2025-02-27T03:21:45.369497,0.172,0.677,-0.145,0.701,0.353,-0.03,0.069,0.933,-3.9850921630859375,nan
2025-02-27T03:21:45.465118,0.176,0.679,-0.14,0.699,0.351,-0.028,0.076,0.933,-3.9825363159179688,nan
2025-02-27T03:21:45.561406,0.181,0.68,-0.137,0.697,0.351,-0.024,0.082,0.932,-3.97998046875,nan
2025-02-27T03:21:45.657033,0.183,0.681,-0.135,0.696,0.351,-0.021,0.086,0.932,-3.97998046875,nan
2025-02-27T03:21:45.753313,0.187,0.683,-0.132,0.694,0.351,-0.019,0.089,0.932,-3.9850921630859375,nan
2025-02-27T03:21:45.848913,0.189,0.684,-0.13,0.692,0.351,-0.016,0.091,0.932,-3.990203857421875,nan
2025-02-27T03:21:45.945202,0.197,0.685,-0.126,0.69,0.355,-0.016,0.101,0.929,-3.9927597045898438,nan
2025-02-27T03:21:46.040835,0.203,0.687,-0.122,0.687,0.356,-0.011,0.109,0.928,-3.9927597045898438,nan
2025-02-27T03:21:46.151694,0.206,0.688,-0.118,0.685,0.355,-0.01,0.113,0.928,-3.9927597045898438,nan
2025-02-27T03:21:46.248744,0.203,0.69,-0.119,0.684,0.353,-0.01,0.109,0.929,-3.990203857421875,nan
2025-02-27T03:21:46.345022,0.201,0.689,-0.118,0.686,0.356,-0.022,0.106,0.928,-3.9927597045898438,nan
2025-02-27T03:21:46.440651,0.195,0.688,-0.125,0.688,0.355,-0.025,0.097,0.929,-3.9953155517578125,nan
2025-02-27T03:21:46.536937,0.191,0.686,-0.127,0.691,0.355,-0.026,0.091,0.93,-3.990203857421875,nan
2025-02-27T03:21:46.632595,0.186,0.685,-0.129,0.693,0.353,-0.028,0.086,0.931,-3.990203857421875,nan
2025-02-27T03:21:46.728969,0.184,0.683,-0.129,0.695,0.351,-0.031,0.082,0.932,-3.9927597045898438,nan
2025-02-27T03:21:46.824478,0.18,0.681,-0.133,0.697,0.352,-0.032,0.074,0.933,-3.990203857421875,nan
2025-02-27T03:21:46.920747,0.181,0.682,-0.139,0.695,0.358,-0.035,0.063,0.931,-3.9850921630859375,nan
2025-02-27T03:21:47.016401,0.175,0.679,-0.146,0.698,0.358,-0.037,0.054,0.932,-3.9850921630859375,nan
2025-02-27T03:21:47.128674,0.165,0.679,-0.15,0.699,0.356,-0.039,0.046,0.933,-3.9748764038085938,nan
2025-02-27T03:21:47.224281,0.164,0.677,-0.153,0.7,0.357,-0.04,0.044,0.932,-3.9876480102539062,nan
2025-02-27T03:21:47.320530,0.166,0.677,-0.155,0.7,0.358,-0.036,0.049,0.932,-3.9876480102539062,nan
2025-02-27T03:21:47.416172,0.169,0.678,-0.154,0.699,0.359,-0.034,0.056,0.931,-3.9850921630859375,nan
2025-02-27T03:21:47.512465,0.174,0.68,-0.151,0.696,0.359,-0.03,0.064,0.931,-3.9825363159179688,nan
2025-02-27T03:21:47.608097,0.179,0.681,-0.147,0.694,0.359,-0.025,0.071,0.93,-3.9876480102539062,nan
2025-02-27T03:21:47.704424,0.182,0.682,-0.144,0.693,0.359,-0.022,0.077,0.93,-3.9850921630859375,nan
2025-02-27T03:21:47.800009,0.185,0.684,-0.141,0.692,0.358,-0.018,0.083,0.93,-3.9825363159179688,nan
2025-02-27T03:21:47.896288,0.19,0.685,-0.138,0.69,0.358,-0.016,0.087,0.929,-3.9876480102539062,nan
2025-02-27T03:21:48.007914,0.195,0.687,-0.133,0.687,0.359,-0.015,0.095,0.928,-3.990203857421875,nan
2025-02-27T03:21:48.104208,0.206,0.685,-0.136,0.685,0.367,-0.01,0.101,0.925,-3.9978713989257812,nan
2025-02-27T03:21:48.199832,0.212,0.687,-0.131,0.682,0.365,-0.006,0.108,0.925,-3.9978713989257812,nan
2025-02-27T03:21:48.296122,0.212,0.688,-0.125,0.682,0.364,-0.007,0.111,0.925,-3.990203857421875,nan
2025-02-27T03:21:48.391775,0.208,0.687,-0.121,0.686,0.361,-0.007,0.109,0.926,-3.9953155517578125,nan
2025-02-27T03:21:48.488063,0.204,0.681,-0.123,0.692,0.36,-0.006,0.104,0.927,-3.9927597045898438,nan
2025-02-27T03:21:48.583609,0.2,0.682,-0.124,0.693,0.357,-0.013,0.099,0.929,-3.9876480102539062,nan
2025-02-27T03:21:48.679142,0.193,0.68,-0.125,0.696,0.355,-0.018,0.095,0.93,-3.9978713989257812,nan
2025-02-27T03:21:48.774843,0.187,0.679,-0.125,0.699,0.35,-0.023,0.091,0.932,-3.9927597045898438,nan
2025-02-27T03:21:48.871969,0.183,0.679,-0.128,0.7,0.351,-0.026,0.086,0.932,-3.990203857421875,nan
2025-02-27T03:21:48.983517,0.182,0.679,-0.133,0.699,0.354,-0.029,0.08,0.931,-3.9774322509765625,nan
2025-02-27T03:21:49.079910,0.181,0.678,-0.137,0.699,0.358,-0.03,0.077,0.93,-3.9595413208007812,nan
2025-02-27T03:21:49.175411,0.177,0.676,-0.143,0.701,0.359,-0.03,0.072,0.93,-3.9672088623046875,nan
2025-02-27T03:21:49.271691,0.171,0.672,-0.144,0.707,0.355,-0.035,0.068,0.932,-3.9672088623046875,nan
2025-02-27T03:21:49.367278,0.167,0.673,-0.15,0.705,0.356,-0.034,0.058,0.932,-3.972320556640625,nan
2025-02-27T03:21:49.479605,0.166,0.673,-0.154,0.704,0.358,-0.036,0.056,0.932,-3.9672088623046875,nan
2025-02-27T03:21:49.575176,0.166,0.673,-0.154,0.704,0.358,-0.033,0.059,0.931,-3.9646530151367188,nan
2025-02-27T03:21:49.687269,0.17,0.674,-0.151,0.703,0.359,-0.032,0.062,0.931,-3.972320556640625,nan
2025-02-27T03:21:49.783101,0.175,0.675,-0.147,0.701,0.359,-0.029,0.069,0.93,-3.972320556640625,nan
2025-02-27T03:21:49.879403,0.179,0.677,-0.144,0.699,0.359,-0.024,0.075,0.93,-3.9697647094726562,nan
2025-02-27T03:21:49.975079,0.183,0.679,-0.141,0.697,0.359,-0.021,0.08,0.93,-3.9672088623046875,nan
2025-02-27T03:21:50.071310,0.186,0.681,-0.139,0.694,0.359,-0.017,0.084,0.929,-3.972320556640625,nan
2025-02-27T03:21:50.166929,0.19,0.683,-0.137,0.692,0.359,-0.014,0.089,0.929,-3.972320556640625,nan
2025-02-27T03:21:50.263206,0.193,0.684,-0.135,0.691,0.359,-0.013,0.094,0.928,-3.9825363159179688,nan
2025-02-27T03:21:50.358854,0.203,0.683,-0.136,0.688,0.369,-0.011,0.102,0.924,-3.9774322509765625,nan
2025-02-27T03:21:50.455192,0.21,0.685,-0.13,0.685,0.367,-0.005,0.109,0.924,-3.9850921630859375,nan
2025-02-27T03:21:50.566527,0.211,0.687,-0.125,0.685,0.363,-0.007,0.113,0.925,-3.9774322509765625,nan
2025-02-27T03:21:50.663137,0.209,0.687,-0.122,0.685,0.361,-0.008,0.111,0.926,-3.9774322509765625,nan
2025-02-27T03:21:50.758671,0.206,0.686,-0.118,0.687,0.36,-0.009,0.107,0.927,-3.972320556640625,nan
2025-02-27T03:21:50.854949,0.205,0.687,-0.119,0.687,0.36,-0.015,0.102,0.927,-3.9697647094726562,nan
2025-02-27T03:21:50.950559,0.198,0.684,-0.122,0.691,0.357,-0.016,0.096,0.929,-3.972320556640625,nan
2025-02-27T03:21:51.046858,0.194,0.683,-0.126,0.693,0.356,-0.019,0.092,0.93,-3.9646530151367188,nan
2025-02-27T03:21:51.142497,0.19,0.681,-0.129,0.695,0.357,-0.02,0.085,0.93,-3.9595413208007812,nan
2025-02-27T03:21:51.238755,0.187,0.681,-0.128,0.696,0.354,-0.022,0.083,0.931,-3.954437255859375,nan
2025-02-27T03:21:51.334396,0.184,0.68,-0.133,0.697,0.356,-0.023,0.078,0.931,-3.96209716796875,nan
2025-02-27T03:21:51.430658,0.18,0.679,-0.144,0.697,0.362,-0.028,0.066,0.929,-3.9672088623046875,nan
2025-02-27T03:21:51.542287,0.169,0.673,-0.155,0.703,0.36,-0.038,0.052,0.931,-3.972320556640625,nan
2025-02-27T03:21:51.638546,0.161,0.673,-0.157,0.705,0.357,-0.038,0.05,0.932,-3.9672088623046875,nan
2025-02-27T03:21:51.734210,0.163,0.673,-0.159,0.704,0.358,-0.036,0.053,0.932,-3.96209716796875,nan
2025-02-27T03:21:51.830546,0.168,0.675,-0.156,0.702,0.358,-0.032,0.058,0.931,-3.96209716796875,nan
2025-02-27T03:21:51.926100,0.173,0.676,-0.153,0.699,0.359,-0.032,0.063,0.931,-3.9646530151367188,nan
2025-02-27T03:21:52.022367,0.177,0.678,-0.151,0.697,0.359,-0.028,0.065,0.93,-3.9646530151367188,nan
2025-02-27T03:21:52.118063,0.182,0.679,-0.147,0.695,0.36,-0.024,0.072,0.93,-3.9697647094726562,nan
2025-02-27T03:21:52.214340,0.186,0.681,-0.144,0.693,0.36,-0.02,0.078,0.93,-3.9697647094726562,nan
2025-02-27T03:21:52.309920,0.192,0.683,-0.139,0.691,0.359,-0.016,0.085,0.929,-3.9569854736328125,nan
2025-02-27T03:21:52.406229,0.195,0.684,-0.137,0.689,0.36,-0.013,0.087,0.929,-3.9646530151367188,nan
2025-02-27T03:21:52.517836,0.2,0.686,-0.133,0.687,0.361,-0.012,0.093,0.928,-3.9672088623046875,nan
2025-02-27T03:21:52.614120,0.208,0.687,-0.13,0.684,0.362,-0.007,0.101,0.927,-3.972320556640625,nan
2025-02-27T03:21:52.709797,0.211,0.69,-0.123,0.681,0.359,-0.007,0.109,0.927,-3.9672088623046875,nan
2025-02-27T03:21:52.806102,0.211,0.688,-0.12,0.684,0.356,-0.007,0.11,0.928,-3.972320556640625,nan
2025-02-27T03:21:52.901611,0.207,0.685,-0.116,0.689,0.355,-0.01,0.108,0.928,-3.9672088623046875,nan
2025-02-27T03:21:52.997923,0.203,0.685,-0.12,0.689,0.353,-0.013,0.099,0.93,-3.9748764038085938,nan
2025-02-27T03:21:53.093504,0.196,0.683,-0.122,0.693,0.353,-0.013,0.092,0.931,-3.972320556640625,nan
2025-02-27T03:21:53.189875,0.19,0.681,-0.127,0.696,0.35,-0.019,0.087,0.932,-3.96209716796875,nan
2025-02-27T03:21:53.299809,0.189,0.679,-0.125,0.698,0.348,-0.022,0.088,0.933,-3.9518814086914062,nan
2025-02-27T03:21:53.397742,0.188,0.68,-0.122,0.698,0.347,-0.024,0.089,0.933,-3.9672088623046875,nan
2025-02-27T03:21:53.493348,0.184,0.681,-0.127,0.697,0.348,-0.027,0.084,0.933,-3.9672088623046875,nan
2025-02-27T03:21:53.589993,0.178,0.68,-0.135,0.698,0.349,-0.03,0.072,0.934,-3.9595413208007812,nan
2025-02-27T03:21:53.683993,0.162,0.677,-0.139,0.704,0.341,-0.038,0.059,0.937,-3.96209716796875,nan
2025-02-27T03:21:53.780036,0.158,0.675,-0.154,0.704,0.351,-0.04,0.051,0.934,-3.9595413208007812,nan
2025-02-27T03:21:53.875839,0.161,0.672,-0.158,0.705,0.354,-0.039,0.051,0.933,-3.9595413208007812,nan
2025-02-27T03:21:53.971904,0.163,0.671,-0.158,0.706,0.355,-0.037,0.056,0.933,-3.96209716796875,nan
2025-02-27T03:21:54.067757,0.169,0.675,-0.154,0.702,0.355,-0.029,0.066,0.932,-3.9595413208007812,nan
2025-02-27T03:21:54.179477,0.177,0.676,-0.148,0.699,0.355,-0.024,0.071,0.932,-3.9697647094726562,nan
2025-02-27T03:21:54.275658,0.181,0.678,-0.146,0.697,0.355,-0.021,0.076,0.931,-3.9697647094726562,nan
2025-02-27T03:21:54.371732,0.185,0.68,-0.143,0.695,0.356,-0.017,0.08,0.931,-3.9569854736328125,nan
2025-02-27T03:21:54.483553,0.188,0.681,-0.141,0.693,0.356,-0.014,0.086,0.931,-3.9595413208007812,nan
2025-02-27T03:21:54.579659,0.193,0.683,-0.138,0.691,0.356,-0.011,0.09,0.93,-3.9646530151367188,nan
2025-02-27T03:21:54.675511,0.193,0.684,-0.134,0.69,0.355,-0.012,0.095,0.93,-3.9672088623046875,nan
2025-02-27T03:21:54.771690,0.203,0.685,-0.134,0.686,0.358,-0.006,0.103,0.928,-3.9697647094726562,nan
2025-02-27T03:21:54.882980,0.208,0.685,-0.127,0.687,0.355,-0.008,0.11,0.928,-3.972320556640625,nan
2025-02-27T03:21:54.979488,0.207,0.684,-0.122,0.689,0.353,-0.007,0.108,0.929,-3.972320556640625,nan
2025-02-27T03:21:55.075292,0.201,0.683,-0.123,0.691,0.35,-0.012,0.108,0.93,-3.9672088623046875,nan
2025-02-27T03:21:55.171479,0.198,0.681,-0.123,0.695,0.349,-0.009,0.103,0.931,-3.9774322509765625,nan
2025-02-27T03:21:55.267219,0.194,0.68,-0.126,0.696,0.347,-0.013,0.105,0.932,-3.9697647094726562,nan
2025-02-27T03:21:55.363308,0.189,0.677,-0.124,0.7,0.341,-0.017,0.102,0.934,-3.96209716796875,nan
2025-02-27T03:21:55.459138,0.183,0.677,-0.125,0.702,0.338,-0.021,0.098,0.936,-3.96209716796875,nan
2025-02-27T03:21:55.555228,0.181,0.677,-0.12,0.704,0.332,-0.025,0.099,0.938,-3.9646530151367188,nan
2025-02-27T03:21:55.651068,0.176,0.678,-0.118,0.704,0.329,-0.028,0.094,0.939,-3.9646530151367188,nan
2025-02-27T03:21:55.762894,0.17,0.678,-0.123,0.705,0.33,-0.031,0.083,0.94,-3.9646530151367188,nan
2025-02-27T03:21:55.858919,0.166,0.677,-0.129,0.705,0.332,-0.035,0.071,0.94,-3.96209716796875,nan
2025-02-27T03:21:55.954992,0.158,0.674,-0.139,0.708,0.333,-0.037,0.061,0.94,-3.96209716796875,nan
2025-02-27T03:21:56.050826,0.155,0.674,-0.149,0.707,0.342,-0.04,0.055,0.937,-3.9595413208007812,nan
2025-02-27T03:21:56.146886,0.159,0.672,-0.155,0.707,0.347,-0.037,0.058,0.935,-3.9646530151367188,nan
2025-02-27T03:21:56.242731,0.163,0.673,-0.154,0.705,0.348,-0.029,0.062,0.935,-3.9595413208007812,nan
2025-02-27T03:21:56.338803,0.168,0.675,-0.151,0.703,0.349,-0.027,0.067,0.934,-3.9569854736328125,nan
2025-02-27T03:21:56.434644,0.172,0.677,-0.148,0.7,0.349,-0.024,0.075,0.934,-3.9595413208007812,nan
2025-02-27T03:21:56.530705,0.177,0.679,-0.145,0.697,0.349,-0.021,0.081,0.933,-3.9518814086914062,nan
2025-02-27T03:21:56.626591,0.181,0.681,-0.141,0.695,0.35,-0.017,0.085,0.933,-3.9569854736328125,nan
2025-02-27T03:21:56.737978,0.185,0.683,-0.139,0.693,0.35,-0.015,0.088,0.932,-3.96209716796875,nan
2025-02-27T03:21:56.834460,0.189,0.684,-0.137,0.691,0.351,-0.013,0.092,0.932,-3.9646530151367188,nan
2025-02-27T03:21:56.930542,0.191,0.684,-0.137,0.69,0.351,-0.011,0.093,0.932,-3.9697647094726562,nan
2025-02-27T03:21:57.026397,0.199,0.685,-0.133,0.688,0.356,-0.011,0.103,0.929,-3.972320556640625,nan
2025-02-27T03:21:57.122469,0.204,0.686,-0.124,0.687,0.353,-0.012,0.115,0.928,-3.9646530151367188,nan
2025-02-27T03:21:57.218316,0.206,0.685,-0.117,0.688,0.349,-0.012,0.119,0.93,-3.9672088623046875,nan
2025-02-27T03:21:57.314410,0.205,0.686,-0.117,0.689,0.347,-0.013,0.116,0.931,-3.9672088623046875,nan
2025-02-27T03:21:57.410217,0.2,0.683,-0.116,0.693,0.345,-0.011,0.111,0.932,-3.9748764038085938,nan
2025-02-27T03:21:57.506298,0.197,0.683,-0.118,0.693,0.346,-0.016,0.104,0.932,-3.9672088623046875,nan
2025-02-27T03:21:57.617671,0.194,0.681,-0.116,0.696,0.343,-0.021,0.102,0.934,-3.9672088623046875,nan
2025-02-27T03:21:57.714233,0.19,0.682,-0.121,0.696,0.343,-0.023,0.096,0.934,-3.9646530151367188,nan
2025-02-27T03:21:57.810048,0.186,0.68,-0.122,0.698,0.341,-0.026,0.09,0.935,-3.9748764038085938,nan
2025-02-27T03:21:57.906125,0.182,0.679,-0.122,0.701,0.339,-0.03,0.089,0.936,-3.9646530151367188,nan
2025-02-27T03:21:58.001967,0.18,0.679,-0.122,0.701,0.339,-0.031,0.087,0.936,-3.9697647094726562,nan
2025-02-27T03:21:58.098037,0.178,0.68,-0.126,0.7,0.34,-0.031,0.081,0.936,-3.9646530151367188,nan
2025-02-27T03:21:58.193898,0.173,0.678,-0.129,0.703,0.338,-0.037,0.073,0.938,-3.9672088623046875,nan
2025-02-27T03:21:58.289975,0.16,0.675,-0.14,0.706,0.339,-0.042,0.058,0.938,-3.972320556640625,nan
2025-02-27T03:21:58.385847,0.158,0.674,-0.152,0.705,0.345,-0.04,0.054,0.936,-3.9697647094726562,nan
2025-02-27T03:21:58.497859,0.162,0.672,-0.154,0.706,0.348,-0.039,0.055,0.935,-3.9672088623046875,nan
2025-02-27T03:21:58.593805,0.166,0.672,-0.153,0.705,0.348,-0.037,0.059,0.935,-3.9697647094726562,nan
2025-02-27T03:21:58.691498,0.171,0.675,-0.149,0.702,0.349,-0.034,0.066,0.934,-3.9595413208007812,nan
2025-02-27T03:21:58.786991,0.177,0.676,-0.146,0.7,0.35,-0.03,0.072,0.934,-3.972320556640625,nan
2025-02-27T03:21:58.883291,0.182,0.678,-0.142,0.697,0.35,-0.026,0.079,0.933,-3.972320556640625,nan
2025-02-27T03:21:58.978881,0.187,0.68,-0.138,0.695,0.35,-0.022,0.085,0.933,-3.972320556640625,nan
2025-02-27T03:21:59.075210,0.191,0.682,-0.136,0.693,0.35,-0.019,0.09,0.932,-3.9748764038085938,nan
2025-02-27T03:21:59.170782,0.194,0.684,-0.134,0.691,0.35,-0.016,0.093,0.932,-3.9672088623046875,nan
2025-02-27T03:21:59.267095,0.193,0.684,-0.134,0.69,0.349,-0.012,0.098,0.932,-3.9697647094726562,nan
2025-02-27T03:21:59.378550,0.199,0.685,-0.13,0.688,0.35,-0.009,0.106,0.931,-3.9748764038085938,nan
2025-02-27T03:21:59.490996,0.205,0.688,-0.124,0.685,0.349,-0.006,0.116,0.93,-3.9697647094726562,nan
2025-02-27T03:21:59.586614,0.204,0.687,-0.123,0.686,0.348,-0.006,0.116,0.93,-3.9748764038085938,nan
2025-02-27T03:21:59.682979,0.2,0.687,-0.121,0.688,0.346,-0.01,0.115,0.931,-3.96209716796875,nan
2025-02-27T03:21:59.778509,0.199,0.683,-0.122,0.692,0.345,-0.005,0.111,0.932,-3.954437255859375,nan
2025-02-27T03:21:59.874813,0.196,0.684,-0.122,0.692,0.343,-0.01,0.108,0.933,-3.9646530151367188,nan
2025-02-27T03:21:59.970440,0.19,0.682,-0.126,0.695,0.342,-0.013,0.1,0.934,-3.9646530151367188,nan
2025-02-27T03:22:00.082657,0.185,0.681,-0.13,0.696,0.34,-0.018,0.094,0.936,-3.9697647094726562,nan
2025-02-27T03:22:00.178343,0.18,0.679,-0.127,0.7,0.337,-0.022,0.091,0.937,-3.9646530151367188,nan
2025-02-27T03:22:00.274725,0.176,0.679,-0.132,0.7,0.337,-0.023,0.084,0.937,-3.9697647094726562,nan
2025-02-27T03:22:00.370255,0.177,0.679,-0.137,0.699,0.342,-0.026,0.081,0.936,-3.9672088623046875,nan
2025-02-27T03:22:00.466561,0.173,0.678,-0.143,0.7,0.346,-0.029,0.072,0.935,-3.9672088623046875,nan
2025-02-27T03:22:00.562167,0.165,0.674,-0.151,0.704,0.345,-0.034,0.059,0.936,-3.96209716796875,nan
2025-02-27T03:22:00.659197,0.161,0.672,-0.156,0.706,0.347,-0.032,0.055,0.936,-3.9646530151367188,nan
2025-02-27T03:22:00.753959,0.164,0.672,-0.156,0.705,0.348,-0.033,0.057,0.935,-3.9646530151367188,nan
2025-02-27T03:22:00.850497,0.167,0.674,-0.153,0.703,0.349,-0.03,0.063,0.934,-3.9646530151367188,0.0
2025-02-27T03:22:00.945993,0.172,0.675,-0.149,0.702,0.35,-0.026,0.067,0.934,-3.9697647094726562,nan
2025-02-27T03:22:01.058296,0.178,0.677,-0.145,0.699,0.35,-0.022,0.072,0.934,-3.9569854736328125,nan
2025-02-27T03:22:01.153875,0.182,0.679,-0.14,0.697,0.35,-0.018,0.079,0.933,-3.96209716796875,nan
2025-02-27T03:22:01.250198,0.187,0.681,-0.136,0.694,0.35,-0.015,0.086,0.933,-3.9774322509765625,nan
2025-02-27T03:22:01.345841,0.191,0.683,-0.133,0.692,0.35,-0.012,0.09,0.932,-3.9774322509765625,nan
2025-02-27T03:22:01.442201,0.194,0.685,-0.132,0.69,0.352,-0.012,0.094,0.931,-3.9748764038085938,nan
2025-02-27T03:22:01.537894,0.203,0.686,-0.13,0.687,0.355,-0.01,0.104,0.929,-3.9748764038085938,nan
2025-02-27T03:22:01.634085,0.206,0.686,-0.125,0.687,0.353,-0.009,0.11,0.929,-3.9748764038085938,nan
2025-02-27T03:22:01.729672,0.206,0.685,-0.119,0.689,0.352,-0.01,0.11,0.929,-3.9748764038085938,nan
2025-02-27T03:22:01.825961,0.201,0.684,-0.118,0.691,0.35,-0.018,0.112,0.93,-3.9672088623046875,nan
2025-02-27T03:22:01.937538,0.198,0.681,-0.118,0.695,0.351,-0.017,0.105,0.93,-3.9672088623046875,nan
2025-02-27T03:22:02.033871,0.197,0.682,-0.119,0.694,0.349,-0.02,0.102,0.931,-3.96209716796875,nan
2025-02-27T03:22:02.129444,0.193,0.681,-0.119,0.696,0.347,-0.022,0.097,0.933,-3.9697647094726562,nan
2025-02-27T03:22:02.225751,0.186,0.682,-0.122,0.697,0.344,-0.026,0.094,0.934,-3.9697647094726562,nan
2025-02-27T03:22:02.321362,0.183,0.68,-0.122,0.7,0.344,-0.028,0.088,0.935,-3.9672088623046875,nan
2025-02-27T03:22:02.417660,0.179,0.679,-0.128,0.7,0.345,-0.029,0.08,0.935,-3.9646530151367188,nan
2025-02-27T03:22:02.513264,0.176,0.679,-0.133,0.701,0.345,-0.028,0.075,0.935,-3.9672088623046875,nan
2025-02-27T03:22:02.609565,0.17,0.677,-0.138,0.703,0.345,-0.032,0.068,0.935,-3.9646530151367188,nan
2025-02-27T03:22:02.705241,0.162,0.674,-0.143,0.707,0.343,-0.035,0.059,0.937,-3.9646530151367188,nan
2025-02-27T03:22:02.816615,0.16,0.673,-0.155,0.705,0.351,-0.035,0.051,0.934,-3.9569854736328125,nan
2025-02-27T03:22:02.913109,0.161,0.672,-0.158,0.705,0.353,-0.032,0.052,0.934,-3.96209716796875,nan
2025-02-27T03:22:03.009391,0.167,0.673,-0.156,0.703,0.354,-0.033,0.057,0.933,-3.96209716796875,nan
2025-02-27T03:22:03.104977,0.173,0.673,-0.151,0.703,0.355,-0.03,0.062,0.932,-3.9569854736328125,nan
2025-02-27T03:22:03.201283,0.177,0.676,-0.149,0.7,0.355,-0.026,0.068,0.932,-3.96209716796875,nan
2025-02-27T03:22:03.296937,0.182,0.677,-0.145,0.698,0.356,-0.023,0.071,0.932,-3.9672088623046875,nan
2025-02-27T03:22:03.393214,0.186,0.679,-0.143,0.696,0.356,-0.02,0.074,0.931,-3.9697647094726562,nan
2025-02-27T03:22:03.488893,0.188,0.681,-0.141,0.694,0.356,-0.016,0.078,0.931,-3.972320556640625,nan
2025-02-27T03:22:03.585924,0.192,0.682,-0.138,0.692,0.356,-0.013,0.083,0.931,-3.9697647094726562,nan
2025-02-27T03:22:03.695216,0.196,0.684,-0.136,0.69,0.357,-0.012,0.087,0.93,-3.9774322509765625,nan
2025-02-27T03:22:03.791574,0.201,0.684,-0.129,0.689,0.359,-0.013,0.098,0.928,-3.9672088623046875,nan
2025-02-27T03:22:03.887298,0.208,0.686,-0.128,0.685,0.36,-0.006,0.107,0.927,-3.972320556640625,nan
2025-02-27T03:22:03.983387,0.211,0.686,-0.124,0.685,0.356,-0.005,0.113,0.927,-3.9595413208007812,nan
2025-02-27T03:22:04.079226,0.211,0.687,-0.119,0.685,0.355,-0.007,0.112,0.928,-3.9672088623046875,nan
2025-02-27T03:22:04.175295,0.206,0.686,-0.116,0.688,0.354,-0.017,0.107,0.929,-3.9697647094726562,nan
2025-02-27T03:22:04.271128,0.201,0.684,-0.121,0.691,0.355,-0.02,0.101,0.929,-3.97998046875,nan
2025-02-27T03:22:04.367219,0.196,0.684,-0.121,0.692,0.351,-0.023,0.096,0.931,-3.9850921630859375,nan
2025-02-27T03:22:04.495023,0.193,0.683,-0.124,0.693,0.35,-0.025,0.091,0.932,-3.9876480102539062,nan
2025-02-27T03:22:04.591142,0.19,0.683,-0.126,0.694,0.349,-0.027,0.085,0.933,-3.9774322509765625,nan
2025-02-27T03:22:04.687010,0.186,0.682,-0.13,0.695,0.35,-0.03,0.078,0.933,-3.9876480102539062,nan
2025-02-27T03:22:04.783055,0.183,0.682,-0.13,0.696,0.349,-0.032,0.077,0.933,-3.9850921630859375,nan
2025-02-27T03:22:04.878858,0.18,0.68,-0.129,0.699,0.344,-0.037,0.073,0.935,-3.9850921630859375,nan
2025-02-27T03:22:04.974947,0.169,0.677,-0.145,0.702,0.351,-0.044,0.054,0.934,-3.9850921630859375,nan
2025-02-27T03:22:05.070770,0.158,0.673,-0.158,0.705,0.356,-0.048,0.043,0.932,-3.97998046875,nan
2025-02-27T03:22:05.166886,0.16,0.669,-0.164,0.707,0.36,-0.046,0.043,0.931,-3.9850921630859375,nan
2025-02-27T03:22:05.278517,0.159,0.67,-0.166,0.706,0.36,-0.044,0.049,0.931,-3.990203857421875,nan
2025-02-27T03:22:05.374762,0.161,0.673,-0.167,0.703,0.361,-0.041,0.058,0.93,-3.9876480102539062,nan
2025-02-27T03:22:05.470622,0.171,0.676,-0.159,0.699,0.361,-0.033,0.068,0.93,-3.9927597045898438,nan
2025-02-27T03:22:05.566684,0.179,0.679,-0.152,0.695,0.36,-0.027,0.077,0.929,-3.9978713989257812,nan
2025-02-27T03:22:05.662505,0.186,0.681,-0.147,0.693,0.36,-0.022,0.083,0.929,-3.9953155517578125,nan
2025-02-27T03:22:05.758570,0.189,0.682,-0.145,0.691,0.36,-0.018,0.088,0.929,-3.990203857421875,nan
2025-02-27T03:22:05.854449,0.192,0.683,-0.143,0.69,0.36,-0.016,0.09,0.929,-3.9953155517578125,nan
2025-02-27T03:22:05.950516,0.198,0.685,-0.14,0.687,0.364,-0.017,0.096,0.926,-3.9953155517578125,nan
2025-02-27T03:22:06.046340,0.208,0.686,-0.136,0.684,0.366,-0.011,0.107,0.924,-3.9927597045898438,nan
2025-02-27T03:22:06.158376,0.213,0.687,-0.131,0.682,0.362,-0.008,0.113,0.925,-3.9927597045898438,nan
2025-02-27T03:22:06.254236,0.214,0.688,-0.124,0.682,0.36,-0.009,0.116,0.925,-3.9927597045898438,nan
2025-02-27T03:22:06.350323,0.207,0.683,-0.123,0.69,0.356,-0.001,0.108,0.928,-3.9850921630859375,nan
2025-02-27T03:22:06.446157,0.203,0.681,-0.126,0.692,0.357,-0.007,0.099,0.929,-3.9876480102539062,nan
2025-02-27T03:22:06.542241,0.197,0.679,-0.127,0.695,0.355,-0.012,0.092,0.93,-3.9850921630859375,nan
2025-02-27T03:22:06.638083,0.192,0.679,-0.132,0.697,0.354,-0.017,0.086,0.931,-3.9825363159179688,nan
2025-02-27T03:22:06.734267,0.189,0.677,-0.133,0.699,0.354,-0.02,0.082,0.931,-3.9774322509765625,nan
2025-02-27T03:22:06.830001,0.187,0.677,-0.133,0.699,0.354,-0.02,0.078,0.932,-3.9748764038085938,nan
2025-02-27T03:22:06.926056,0.185,0.677,-0.136,0.699,0.354,-0.022,0.072,0.932,-3.97998046875,nan
2025-02-27T03:22:07.021904,0.181,0.676,-0.142,0.7,0.357,-0.027,0.061,0.932,-3.9646530151367188,nan
2025-02-27T03:22:07.133970,0.173,0.673,-0.151,0.703,0.359,-0.032,0.048,0.932,-3.9595413208007812,nan
2025-02-27T03:22:07.229809,0.161,0.671,-0.155,0.707,0.357,-0.034,0.042,0.933,-3.9646530151367188,nan
2025-02-27T03:22:07.325901,0.161,0.67,-0.16,0.707,0.361,-0.035,0.043,0.931,-3.9697647094726562,nan
2025-02-27T03:22:07.421702,0.166,0.671,-0.158,0.706,0.362,-0.032,0.047,0.93,-3.9697647094726562,nan
2025-02-27T03:22:07.517817,0.169,0.671,-0.158,0.705,0.364,-0.03,0.055,0.929,-3.954437255859375,nan
2025-02-27T03:22:07.613623,0.172,0.673,-0.157,0.702,0.364,-0.027,0.062,0.929,-3.9595413208007812,nan
2025-02-27T03:22:07.709712,0.178,0.674,-0.152,0.701,0.365,-0.023,0.072,0.928,-3.972320556640625,nan
2025-02-27T03:22:07.805538,0.185,0.677,-0.147,0.697,0.363,-0.018,0.081,0.928,-3.9672088623046875,nan
2025-02-27T03:22:07.917071,0.19,0.679,-0.139,0.695,0.362,-0.015,0.089,0.928,-3.9646530151367188,nan
2025-02-27T03:22:08.013446,0.192,0.68,-0.137,0.694,0.361,-0.013,0.094,0.928,-3.9672088623046875,nan
2025-02-27T03:22:08.109513,0.201,0.682,-0.13,0.691,0.363,-0.007,0.105,0.926,-3.9697647094726562,nan
2025-02-27T03:22:08.205364,0.205,0.686,-0.124,0.687,0.358,-0.005,0.112,0.927,-3.9697647094726562,nan
2025-02-27T03:22:08.301420,0.206,0.687,-0.12,0.687,0.357,-0.008,0.111,0.927,-3.9672088623046875,nan
2025-02-27T03:22:08.397262,0.203,0.687,-0.117,0.688,0.355,-0.002,0.106,0.929,-3.9672088623046875,nan
2025-02-27T03:22:08.493324,0.199,0.685,-0.12,0.69,0.355,-0.003,0.104,0.929,-3.9672088623046875,nan
2025-02-27T03:22:08.589345,0.194,0.684,-0.122,0.692,0.354,-0.008,0.1,0.93,-3.96209716796875,nan
2025-02-27T03:22:08.687013,0.189,0.684,-0.128,0.693,0.354,-0.011,0.092,0.931,-3.96209716796875,nan
2025-02-27T03:22:08.782510,0.183,0.681,-0.133,0.696,0.353,-0.016,0.083,0.932,-3.96209716796875,nan
2025-02-27T03:22:08.894204,0.178,0.68,-0.14,0.697,0.354,-0.018,0.074,0.932,-3.96209716796875,nan
2025-02-27T03:22:08.990376,0.177,0.677,-0.146,0.699,0.357,-0.023,0.067,0.931,-3.9646530151367188,nan
2025-02-27T03:22:09.086713,0.165,0.675,-0.144,0.705,0.348,-0.029,0.059,0.935,-3.9697647094726562,nan
2025-02-27T03:22:09.182294,0.154,0.676,-0.152,0.704,0.348,-0.031,0.051,0.935,-3.9672088623046875,nan
2025-02-27T03:22:09.278568,0.154,0.675,-0.157,0.704,0.351,-0.031,0.049,0.935,-3.9569854736328125,nan
2025-02-27T03:22:09.374194,0.158,0.674,-0.156,0.705,0.352,-0.03,0.052,0.934,-3.9569854736328125,nan
2025-02-27T03:22:09.486478,0.165,0.674,-0.15,0.704,0.353,-0.03,0.06,0.933,-3.9697647094726562,nan
2025-02-27T03:22:09.597159,0.171,0.676,-0.146,0.702,0.353,-0.024,0.067,0.933,-3.9748764038085938,nan
2025-02-27T03:22:09.694459,0.178,0.678,-0.141,0.699,0.356,-0.021,0.075,0.931,-3.9697647094726562,nan
2025-02-27T03:22:09.789999,0.183,0.68,-0.136,0.697,0.355,-0.018,0.081,0.931,-3.9850921630859375,nan
2025-02-27T03:22:09.886320,0.188,0.682,-0.132,0.694,0.355,-0.013,0.088,0.931,-3.97998046875,nan
2025-02-27T03:22:09.981925,0.193,0.683,-0.126,0.693,0.354,-0.012,0.099,0.93,-3.9774322509765625,nan
2025-02-27T03:22:10.078226,0.203,0.684,-0.121,0.69,0.357,-0.008,0.11,0.928,-3.990203857421875,nan
2025-02-27T03:22:10.173821,0.208,0.685,-0.115,0.689,0.354,-0.008,0.118,0.928,-3.990203857421875,nan
2025-02-27T03:22:10.270148,0.207,0.685,-0.112,0.689,0.352,-0.009,0.117,0.929,-3.990203857421875,nan
2025-02-27T03:22:10.365726,0.205,0.684,-0.108,0.692,0.35,-0.014,0.118,0.929,-3.9876480102539062,nan
2025-02-27T03:22:10.462035,0.201,0.683,-0.112,0.693,0.35,-0.013,0.114,0.93,-3.990203857421875,nan
2025-02-27T03:22:10.573611,0.196,0.684,-0.113,0.694,0.348,-0.016,0.106,0.931,-3.9850921630859375,nan
2025-02-27T03:22:10.669989,0.19,0.683,-0.117,0.696,0.346,-0.021,0.099,0.933,-3.9927597045898438,nan
2025-02-27T03:22:10.765533,0.186,0.681,-0.12,0.698,0.346,-0.024,0.094,0.933,-3.9927597045898438,nan
2025-02-27T03:22:10.861862,0.185,0.681,-0.119,0.699,0.346,-0.027,0.091,0.934,-3.9876480102539062,nan
2025-02-27T03:22:10.957440,0.181,0.679,-0.124,0.7,0.347,-0.03,0.086,0.934,-3.9825363159179688,nan
2025-02-27T03:22:11.053737,0.178,0.678,-0.129,0.701,0.348,-0.032,0.079,0.934,-3.9850921630859375,nan
2025-02-27T03:22:11.149381,0.169,0.675,-0.139,0.705,0.347,-0.036,0.062,0.935,-3.9876480102539062,nan
2025-02-27T03:22:11.245650,0.152,0.675,-0.142,0.708,0.343,-0.039,0.05,0.937,-3.97998046875,nan
2025-02-27T03:22:11.341319,0.158,0.673,-0.152,0.706,0.353,-0.04,0.047,0.934,-3.9825363159179688,nan
2025-02-27T03:22:11.437567,0.16,0.669,-0.154,0.709,0.354,-0.036,0.053,0.933,-3.9876480102539062,nan
2025-02-27T03:22:11.549165,0.163,0.672,-0.153,0.706,0.354,-0.031,0.06,0.933,-3.9825363159179688,nan
2025-02-27T03:22:11.645497,0.169,0.674,-0.149,0.704,0.355,-0.027,0.071,0.932,-3.97998046875,nan
2025-02-27T03:22:11.741167,0.179,0.677,-0.141,0.7,0.358,-0.025,0.085,0.929,-3.9774322509765625,nan
2025-02-27T03:22:11.837450,0.195,0.677,-0.134,0.697,0.363,-0.023,0.093,0.927,-3.9825363159179688,nan
2025-02-27T03:22:11.933035,0.205,0.677,-0.136,0.693,0.368,-0.019,0.103,0.924,-3.9825363159179688,nan
2025-02-27T03:22:12.029383,0.195,0.68,-0.128,0.695,0.356,-0.023,0.101,0.929,-3.9850921630859375,nan
2025-02-27T03:22:12.124920,0.194,0.682,-0.125,0.694,0.353,-0.021,0.103,0.93,-3.9876480102539062,nan
2025-02-27T03:22:12.221217,0.194,0.685,-0.12,0.692,0.353,-0.019,0.107,0.929,-3.9825363159179688,nan
2025-02-27T03:22:12.316796,0.195,0.688,-0.119,0.689,0.352,-0.017,0.108,0.929,-3.9850921630859375,nan
2025-02-27T03:22:12.429096,0.188,0.685,-0.124,0.693,0.354,-0.019,0.094,0.93,-3.9927597045898438,nan
2025-02-27T03:22:12.524705,0.178,0.682,-0.136,0.696,0.355,-0.021,0.081,0.931,-3.9927597045898438,nan
2025-02-27T03:22:12.621062,0.183,0.682,-0.131,0.696,0.356,-0.02,0.081,0.931,-3.97998046875,nan
2025-02-27T03:22:12.716758,0.184,0.682,-0.131,0.695,0.356,-0.018,0.081,0.931,-3.97998046875,nan
2025-02-27T03:22:12.813195,0.185,0.683,-0.131,0.695,0.357,-0.017,0.081,0.93,-3.9850921630859375,nan
2025-02-27T03:22:12.908565,0.185,0.683,-0.132,0.694,0.358,-0.016,0.081,0.93,-3.9876480102539062,nan
2025-02-27T03:22:13.004848,0.186,0.684,-0.133,0.693,0.359,-0.015,0.081,0.93,-3.9825363159179688,nan
2025-02-27T03:22:13.100474,0.187,0.684,-0.133,0.692,0.359,-0.015,0.081,0.93,-3.9850921630859375,nan
2025-02-27T03:22:13.196808,0.188,0.685,-0.134,0.691,0.36,-0.014,0.081,0.929,-3.9825363159179688,nan
2025-02-27T03:22:13.308406,0.189,0.685,-0.135,0.691,0.361,-0.013,0.08,0.929,-3.97998046875,nan
2025-02-27T03:22:13.404728,0.189,0.685,-0.135,0.69,0.361,-0.013,0.08,0.929,-3.9825363159179688,nan
2025-02-27T03:22:13.500277,0.19,0.686,-0.136,0.69,0.362,-0.012,0.08,0.929,-3.9825363159179688,nan
2025-02-27T03:22:13.597996,0.19,0.686,-0.137,0.689,0.363,-0.012,0.079,0.928,-3.97998046875,nan
2025-02-27T03:22:13.691072,0.191,0.686,-0.137,0.689,0.363,-0.012,0.079,0.928,-3.9825363159179688,nan
